customer_id,age,total_spend,items_purchased,average_rating,discount_applied,days_since_last_purchase,clv,aov,purchase_frequency,recency_score,frequency_score,monetary_score,rfm_score,rfm_value,norm_frequency,norm_rating,norm_recency,engagement_score,discount_user,gender_Male,city_Houston,city_Los Angeles,city_Miami,city_New York,city_San Francisco,membership_type_Gold,membership_type_Silver,satisfaction_level_Satisfied,satisfaction_level_Unsatisfied,rfm_segment_Champions,rfm_segment_Hibernating,rfm_segment_Loyal,rfm_segment_Need Attention,rfm_segment_New Customer,rfm_segment_Potential Loyalist,age_group_Late 30s (35-39),age_group_Mature (40+),age_group_Young (< 30),spending_category_Low Spender,spending_category_Medium Spender,spending_category_Premium Spender,churn_risk_Low Risk,churn_risk_Medium Risk
101,29,1120.2,14,4.6,True,25,1120.2,80.01428571428572,14,3,4,4,344,11,0.5,0.8421052631578942,0.7037037037037037,66.37426900584794,1,False,False,False,False,True,False,True,False,True,False,False,False,True,False,False,False,False,False,True,False,False,False,True,False
102,34,780.5,11,4.1,False,18,780.5,70.95454545454545,11,4,2,3,423,9,0.2857142857142857,0.5789473684210522,0.8333333333333334,53.796992481203,0,True,False,True,False,False,False,False,True,False,False,False,False,False,False,False,True,False,False,False,False,False,False,True,False
103,43,510.75,9,3.4,True,42,510.75,56.75,9,1,1,2,112,4,0.1428571428571428,0.21052631578947367,0.38888888888888895,23.69674185463659,1,False,False,False,False,False,False,False,False,False,True,False,True,False,False,False,False,False,True,False,False,True,False,False,False
104,30,1480.3,19,4.7,False,12,1480.3,77.91052631578947,19,5,5,5,555,15,0.857142857142857,0.8947368421052628,0.9444444444444444,89.4611528822055,0,True,False,False,False,False,True,True,False,True,False,True,False,False,False,False,False,False,False,False,False,False,True,True,False
105,27,720.4,13,4.0,True,55,720.4,55.41538461538461,13,1,3,3,133,7,0.4285714285714285,0.5263157894736841,0.14814814814814825,37.37677527151211,1,True,False,False,True,False,False,False,True,False,True,False,False,False,False,False,False,False,False,True,False,True,False,False,False
106,37,440.8,8,3.1,False,22,440.8,55.1,8,3,1,1,311,5,0.0714285714285714,0.05263157894736836,0.7592592592592593,27.213868003341684,0,False,True,False,False,False,False,False,False,False,False,False,False,False,True,False,False,True,False,False,True,False,False,True,False
107,31,1150.6,15,4.5,True,28,1150.6,76.70666666666666,15,2,4,4,244,10,0.5714285714285714,0.7894736842105261,0.6481481481481481,65.98579782790308,1,False,False,False,False,True,False,True,False,True,False,False,False,True,False,False,False,False,False,False,False,False,False,True,False
108,35,800.9,12,4.2,False,14,800.9,66.74166666666666,12,5,3,3,533,11,0.3571428571428571,0.6315789473684208,0.9074074074074074,60.45530492898913,0,True,False,True,False,False,False,False,True,False,False,False,False,False,False,False,True,True,False,False,False,False,False,True,False
109,41,495.25,10,3.6,True,40,495.25,49.525,10,1,2,2,122,5,0.2142857142857142,0.3157894736842104,0.42592592592592593,30.822890559732656,1,False,False,False,False,False,False,False,False,False,True,False,True,False,False,False,False,False,True,False,True,False,False,False,True
110,28,1520.1,21,4.8,False,9,1520.1,72.38571428571429,21,5,5,5,555,15,1.0,0.9473684210526314,1.0,98.42105263157895,0,True,False,False,False,False,True,True,False,True,False,True,False,False,False,False,False,False,False,True,False,False,True,True,False
111,32,690.3,11,3.8,True,34,690.3,62.75454545454545,11,2,2,2,222,6,0.2857142857142857,0.4210526315789471,0.5370370370370371,40.171261487050955,1,True,False,False,True,False,False,False,True,False,True,False,True,False,False,False,False,False,False,False,False,True,False,False,True
112,36,470.5,7,3.2,False,20,470.5,67.21428571428571,7,4,1,1,411,6,0.0,0.10526315789473695,0.7962962962962963,27.046783625730995,0,False,True,False,False,False,False,False,False,False,False,False,False,False,False,True,False,True,False,False,True,False,False,True,False
113,30,1200.8,16,4.3,True,21,1200.8,75.05,16,3,4,5,345,12,0.6428571428571428,0.6842105263157894,0.7777777777777778,69.57393483709274,1,False,False,False,False,True,False,True,False,True,False,False,False,True,False,False,False,False,False,False,False,False,True,True,False
114,33,820.75,13,4.4,False,15,820.75,63.13461538461539,13,4,3,4,434,11,0.4285714285714285,0.736842105263158,0.8888888888888888,65.91478696741855,0,True,False,True,False,False,False,False,True,True,False,False,False,False,False,False,True,False,False,False,False,False,False,True,False
115,42,530.4,9,3.5,True,38,530.4,58.93333333333333,9,2,1,2,212,5,0.1428571428571428,0.26315789473684204,0.4629629629629629,27.49791144527986,1,False,False,False,False,False,False,False,False,False,True,False,True,False,False,False,False,False,True,False,False,True,False,False,True
116,29,1360.2,18,4.9,False,11,1360.2,75.56666666666666,18,5,5,5,555,15,0.7857142857142856,1.0,0.962962962962963,90.31746031746033,0,True,False,False,False,False,True,True,False,True,False,True,False,False,False,False,False,False,False,True,False,False,True,True,False
117,26,700.6,12,3.7,True,48,700.6,58.38333333333333,12,1,3,3,133,7,0.3571428571428571,0.368421052631579,0.2777777777777778,33.67167919799498,1,True,False,False,True,False,False,False,True,False,True,False,False,False,False,False,False,False,False,True,False,True,False,False,False
118,38,450.9,8,3.0,False,25,450.9,56.3625,8,3,1,1,311,5,0.0714285714285714,0.0,0.7037037037037037,23.968253968253965,0,False,True,False,False,False,False,False,False,False,False,False,False,False,True,False,False,True,False,False,True,False,False,True,False
119,32,1170.3,14,4.7,True,29,1170.3,83.59285714285714,14,2,4,4,244,10,0.5,0.8947368421052628,0.6296296296296297,65.73099415204678,1,False,False,False,False,True,False,True,False,True,False,False,False,True,False,False,False,False,False,False,False,False,True,True,False
120,34,790.2,11,4.0,False,16,790.2,71.83636363636364,11,4,2,3,423,9,0.2857142857142857,0.5263157894736841,0.8703703703703703,53.32915622389306,0,True,False,True,False,False,False,False,True,False,False,False,False,False,False,False,True,False,False,False,False,False,False,True,False
121,43,505.75,10,3.3,True,41,505.75,50.575,10,1,2,2,122,5,0.2142857142857142,0.1578947368421051,0.40740740740740744,25.53049289891395,1,False,False,False,False,False,False,False,False,False,True,False,True,False,False,False,False,False,True,False,False,True,False,False,False
122,30,1470.5,20,4.8,False,13,1470.5,73.525,20,5,5,5,555,15,0.9285714285714284,0.9473684210526314,0.9259259259259259,93.34168755221386,0,True,False,False,False,False,True,True,False,True,False,True,False,False,False,False,False,False,False,False,False,False,True,True,False
123,27,710.4,13,4.1,True,54,710.4,54.646153846153844,13,1,3,3,133,7,0.4285714285714285,0.5789473684210522,0.16666666666666663,39.5112781954887,1,True,False,False,True,False,False,False,True,False,True,False,False,False,False,False,False,False,False,True,False,True,False,False,False
124,37,430.8,7,3.4,False,23,430.8,61.542857142857144,7,3,1,1,311,5,0.0,0.21052631578947367,0.7407407407407407,28.53801169590643,0,False,True,False,False,False,False,False,False,False,False,False,False,False,True,False,False,True,False,False,True,False,False,True,False
125,31,1140.6,15,4.6,True,27,1140.6,76.03999999999999,15,3,4,4,344,11,0.5714285714285714,0.8421052631578942,0.6666666666666666,68.12030075187968,1,False,False,False,False,True,False,True,False,True,False,False,False,True,False,False,False,False,False,False,False,False,False,True,False
126,35,810.9,12,4.3,False,13,810.9,67.575,12,5,3,3,533,11,0.3571428571428571,0.6842105263157894,0.9259259259259259,62.58980785296575,0,True,False,True,False,False,False,False,True,False,False,False,False,False,False,False,True,True,False,False,False,False,False,True,False
127,41,485.25,9,3.6,True,39,485.25,53.916666666666664,9,2,1,1,211,4,0.1428571428571428,0.3157894736842104,0.4444444444444444,28.52130325814536,1,False,False,False,False,False,False,False,False,False,True,False,True,False,False,False,False,False,True,False,True,False,False,False,True
128,28,1500.1,21,4.9,False,10,1500.1,71.43333333333332,21,5,5,5,555,15,1.0,1.0,0.9814814814814815,99.44444444444444,0,True,False,False,False,False,True,True,False,True,False,True,False,False,False,False,False,False,False,True,False,False,True,True,False
129,32,670.3,10,3.8,True,33,670.3,67.03,10,2,2,2,222,6,0.2142857142857142,0.4210526315789471,0.5555555555555556,37.869674185463644,1,True,False,False,True,False,False,False,True,False,True,False,True,False,False,False,False,False,False,False,False,True,False,False,True
130,36,460.5,8,3.1,False,19,460.5,57.5625,8,4,1,1,411,6,0.0714285714285714,0.05263157894736836,0.8148148148148148,28.880534670008352,0,False,True,False,False,False,False,False,False,False,False,False,False,False,False,True,False,True,False,False,True,False,False,True,False
131,30,1190.8,16,4.5,True,20,1190.8,74.425,16,4,4,4,444,12,0.6428571428571428,0.7894736842105261,0.7962962962962963,73.28738512949037,1,False,False,False,False,True,False,True,False,True,False,True,False,False,False,False,False,False,False,False,False,False,True,True,False
132,33,830.75,13,4.2,False,14,830.75,63.90384615384615,13,5,3,4,534,12,0.4285714285714285,0.6315789473684208,0.9074074074074074,63.31244778613198,0,True,False,True,False,False,False,False,True,True,False,False,False,False,False,False,True,False,False,False,False,False,False,True,False
133,42,520.4,9,3.5,True,37,520.4,57.82222222222222,9,2,1,2,212,5,0.1428571428571428,0.26315789473684204,0.4814814814814815,28.05346700083542,1,False,False,False,False,False,False,False,False,False,True,False,True,False,False,False,False,False,True,False,False,True,False,False,True
134,29,1370.2,18,4.7,False,10,1370.2,76.12222222222222,18,5,5,5,555,15,0.7857142857142856,0.8947368421052628,0.9814814814814815,87.71512113617376,0,True,False,False,False,False,True,True,False,True,False,True,False,False,False,False,False,False,False,True,False,False,True,True,False
135,26,690.6,12,3.9,True,47,690.6,57.550000000000004,12,1,3,3,133,7,0.3571428571428571,0.4736842105263155,0.2962962962962963,37.38512949039264,1,True,False,False,True,False,False,False,True,False,True,False,False,False,False,False,False,False,False,True,False,True,False,False,False
136,38,440.9,8,3.2,False,24,440.9,55.1125,8,3,1,1,311,5,0.0714285714285714,0.10526315789473695,0.7222222222222222,27.681704260651628,0,False,True,False,False,False,False,False,False,False,False,False,False,False,True,False,False,True,False,False,True,False,False,True,False
137,32,1160.3,14,4.4,True,22,1160.3,82.87857142857142,14,3,4,4,344,11,0.5,0.736842105263158,0.7592592592592593,64.88304093567253,1,False,False,False,False,True,False,True,False,True,False,False,False,True,False,False,False,False,False,False,False,False,False,True,False
138,34,800.2,11,4.1,False,17,800.2,72.74545454545455,11,4,2,3,423,9,0.2857142857142857,0.5789473684210522,0.8518518518518519,54.35254803675855,0,True,False,True,False,False,False,False,True,False,False,False,False,False,False,False,True,False,False,False,False,False,False,True,False
139,43,500.75,10,3.3,True,40,500.75,50.075,10,1,2,2,122,5,0.2142857142857142,0.1578947368421051,0.42592592592592593,26.086048454469502,1,False,False,False,False,False,False,False,False,False,True,False,True,False,False,False,False,False,True,False,True,False,False,False,True
140,30,1460.5,20,4.8,False,12,1460.5,73.025,20,5,5,5,555,15,0.9285714285714284,0.9473684210526314,0.9444444444444444,93.89724310776941,0,True,False,False,False,False,True,True,False,True,False,True,False,False,False,False,False,False,False,False,False,False,True,True,False
141,27,700.4,13,4.0,True,53,700.4,53.87692307692308,13,1,3,3,133,7,0.4285714285714285,0.5263157894736841,0.18518518518518523,38.48788638262322,1,True,False,False,True,False,False,False,True,False,True,False,False,False,False,False,False,False,False,True,False,True,False,False,False
142,37,420.8,7,3.1,False,21,420.8,60.114285714285714,7,3,1,1,311,5,0.0,0.05263157894736836,0.7777777777777778,24.912280701754387,0,False,True,False,False,False,False,False,False,False,False,False,False,False,True,False,False,True,False,False,True,False,False,True,False
143,31,1130.6,15,4.5,True,26,1130.6,75.37333333333332,15,3,4,4,344,11,0.5714285714285714,0.7894736842105261,0.6851851851851852,67.0969089390142,1,False,False,False,False,True,False,True,False,True,False,False,False,True,False,False,False,False,False,False,False,False,False,True,False
144,35,820.9,12,4.3,False,12,820.9,68.40833333333333,12,5,3,4,534,12,0.3571428571428571,0.6842105263157894,0.9444444444444444,63.145363408521305,0,True,False,True,False,False,False,False,True,False,False,False,False,False,False,False,True,True,False,False,False,False,False,True,False
145,41,480.25,9,3.6,True,38,480.25,53.361111111111114,9,2,1,1,211,4,0.1428571428571428,0.3157894736842104,0.4629629629629629,29.076858813700913,1,False,False,False,False,False,False,False,False,False,True,False,True,False,False,False,False,False,True,False,True,False,False,False,True
146,28,1490.1,21,4.9,False,9,1490.1,70.95714285714286,21,5,5,5,555,15,1.0,1.0,1.0,100.0,0,True,False,False,False,False,True,True,False,True,False,True,False,False,False,False,False,False,False,True,False,False,True,True,False
147,32,680.3,10,3.8,True,32,680.3,68.03,10,2,2,2,222,6,0.2142857142857142,0.4210526315789471,0.5740740740740741,38.42522974101921,1,True,False,False,True,False,False,False,True,False,True,False,True,False,False,False,False,False,False,False,False,True,False,False,True
148,36,470.5,8,3.0,False,18,470.5,58.8125,8,4,1,1,411,6,0.0714285714285714,0.0,0.8333333333333334,27.857142857142858,0,False,True,False,False,False,False,False,False,False,False,False,False,False,False,True,False,True,False,False,True,False,False,True,False
149,30,1180.8,16,4.7,True,19,1180.8,73.8,16,4,4,4,444,12,0.6428571428571428,0.8947368421052628,0.8148148148148148,77.00083542188804,1,False,False,False,False,True,False,True,False,True,False,True,False,False,False,False,False,False,False,False,False,False,True,True,False
150,34,790.2,11,4.0,False,15,790.2,71.83636363636364,11,4,2,3,423,9,0.2857142857142857,0.5263157894736841,0.8888888888888888,53.88471177944862,0,True,False,True,False,False,False,False,True,False,False,False,False,False,False,False,True,False,False,False,False,False,False,True,False
151,43,505.75,10,3.3,True,39,505.75,50.575,10,2,2,2,222,6,0.2142857142857142,0.1578947368421051,0.4444444444444444,26.641604010025056,1,False,False,False,False,False,False,False,False,False,True,False,True,False,False,False,False,False,True,False,False,True,False,False,True
152,30,1470.5,20,4.8,False,13,1470.5,73.525,20,5,5,5,555,15,0.9285714285714284,0.9473684210526314,0.9259259259259259,93.34168755221386,0,True,False,False,False,False,True,True,False,True,False,True,False,False,False,False,False,False,False,False,False,False,True,True,False
153,27,710.4,13,4.1,True,54,710.4,54.646153846153844,13,1,3,3,133,7,0.4285714285714285,0.5789473684210522,0.16666666666666663,39.5112781954887,1,True,False,False,True,False,False,False,True,False,True,False,False,False,False,False,False,False,False,True,False,True,False,False,False
154,37,430.8,7,3.4,False,23,430.8,61.542857142857144,7,3,1,1,311,5,0.0,0.21052631578947367,0.7407407407407407,28.53801169590643,0,False,True,False,False,False,False,False,False,False,False,False,False,False,True,False,False,True,False,False,True,False,False,True,False
155,31,1140.6,15,4.6,True,27,1140.6,76.03999999999999,15,3,4,4,344,11,0.5714285714285714,0.8421052631578942,0.6666666666666666,68.12030075187968,1,False,False,False,False,True,False,True,False,True,False,False,False,True,False,False,False,False,False,False,False,False,False,True,False
156,35,810.9,12,4.3,False,13,810.9,67.575,12,5,3,3,533,11,0.3571428571428571,0.6842105263157894,0.9259259259259259,62.58980785296575,0,True,False,True,False,False,False,False,True,False,False,False,False,False,False,False,True,True,False,False,False,False,False,True,False
157,41,485.25,9,3.6,True,39,485.25,53.916666666666664,9,2,1,1,211,4,0.1428571428571428,0.3157894736842104,0.4444444444444444,28.52130325814536,1,False,False,False,False,False,False,False,False,False,True,False,True,False,False,False,False,False,True,False,True,False,False,False,True
158,28,1500.1,21,4.9,False,10,1500.1,71.43333333333332,21,5,5,5,555,15,1.0,1.0,0.9814814814814815,99.44444444444444,0,True,False,False,False,False,True,True,False,True,False,True,False,False,False,False,False,False,False,True,False,False,True,True,False
159,32,670.3,10,3.8,True,33,670.3,67.03,10,2,2,2,222,6,0.2142857142857142,0.4210526315789471,0.5555555555555556,37.869674185463644,1,True,False,False,True,False,False,False,True,False,True,False,True,False,False,False,False,False,False,False,False,True,False,False,True
160,36,460.5,8,3.1,False,19,460.5,57.5625,8,4,1,1,411,6,0.0714285714285714,0.05263157894736836,0.8148148148148148,28.880534670008352,0,False,True,False,False,False,False,False,False,False,False,False,False,False,False,True,False,True,False,False,True,False,False,True,False
161,30,1190.8,16,4.5,True,20,1190.8,74.425,16,4,4,4,444,12,0.6428571428571428,0.7894736842105261,0.7962962962962963,73.28738512949037,1,False,False,False,False,True,False,True,False,True,False,True,False,False,False,False,False,False,False,False,False,False,True,True,False
162,33,830.75,13,4.2,False,14,830.75,63.90384615384615,13,5,3,4,534,12,0.4285714285714285,0.6315789473684208,0.9074074074074074,63.31244778613198,0,True,False,True,False,False,False,False,True,True,False,False,False,False,False,False,True,False,False,False,False,False,False,True,False
163,42,520.4,9,3.5,True,37,520.4,57.82222222222222,9,2,1,2,212,5,0.1428571428571428,0.26315789473684204,0.4814814814814815,28.05346700083542,1,False,False,False,False,False,False,False,False,False,True,False,True,False,False,False,False,False,True,False,False,True,False,False,True
164,29,1370.2,18,4.7,False,10,1370.2,76.12222222222222,18,5,5,5,555,15,0.7857142857142856,0.8947368421052628,0.9814814814814815,87.71512113617376,0,True,False,False,False,False,True,True,False,True,False,True,False,False,False,False,False,False,False,True,False,False,True,True,False
165,26,690.6,12,3.9,True,47,690.6,57.550000000000004,12,1,3,3,133,7,0.3571428571428571,0.4736842105263155,0.2962962962962963,37.38512949039264,1,True,False,False,True,False,False,False,True,False,True,False,False,False,False,False,False,False,False,True,False,True,False,False,False
166,38,440.9,8,3.2,False,24,440.9,55.1125,8,3,1,1,311,5,0.0714285714285714,0.10526315789473695,0.7222222222222222,27.681704260651628,0,False,True,False,False,False,False,False,False,False,False,False,False,False,True,False,False,True,False,False,True,False,False,True,False
167,32,1160.3,14,4.4,True,22,1160.3,82.87857142857142,14,3,4,4,344,11,0.5,0.736842105263158,0.7592592592592593,64.88304093567253,1,False,False,False,False,True,False,True,False,True,False,False,False,True,False,False,False,False,False,False,False,False,False,True,False
168,34,800.2,11,4.1,False,17,800.2,72.74545454545455,11,4,2,3,423,9,0.2857142857142857,0.5789473684210522,0.8518518518518519,54.35254803675855,0,True,False,True,False,False,False,False,True,False,False,False,False,False,False,False,True,False,False,False,False,False,False,True,False
169,43,500.75,10,3.3,True,40,500.75,50.075,10,1,2,2,122,5,0.2142857142857142,0.1578947368421051,0.42592592592592593,26.086048454469502,1,False,False,False,False,False,False,False,False,False,True,False,True,False,False,False,False,False,True,False,True,False,False,False,True
170,30,1460.5,20,4.8,False,12,1460.5,73.025,20,5,5,5,555,15,0.9285714285714284,0.9473684210526314,0.9444444444444444,93.89724310776941,0,True,False,False,False,False,True,True,False,True,False,True,False,False,False,False,False,False,False,False,False,False,True,True,False
171,27,700.4,13,4.0,True,53,700.4,53.87692307692308,13,1,3,3,133,7,0.4285714285714285,0.5263157894736841,0.18518518518518523,38.48788638262322,1,True,False,False,True,False,False,False,True,False,True,False,False,False,False,False,False,False,False,True,False,True,False,False,False
172,37,420.8,7,3.1,False,21,420.8,60.114285714285714,7,3,1,1,311,5,0.0,0.05263157894736836,0.7777777777777778,24.912280701754387,0,False,True,False,False,False,False,False,False,True,False,False,False,False,True,False,False,True,False,False,True,False,False,True,False
173,31,1130.6,15,4.5,True,26,1130.6,75.37333333333332,15,3,4,4,344,11,0.5714285714285714,0.7894736842105261,0.6851851851851852,67.0969089390142,1,False,False,False,False,True,False,True,False,True,False,False,False,True,False,False,False,False,False,False,False,False,False,True,False
174,35,820.9,12,4.3,False,12,820.9,68.40833333333333,12,5,3,4,534,12,0.3571428571428571,0.6842105263157894,0.9444444444444444,63.145363408521305,0,True,False,True,False,False,False,False,True,False,False,False,False,False,False,False,True,True,False,False,False,False,False,True,False
175,41,480.25,9,3.6,True,38,480.25,53.361111111111114,9,2,1,1,211,4,0.1428571428571428,0.3157894736842104,0.4629629629629629,29.076858813700913,1,False,False,False,False,False,False,False,False,False,True,False,True,False,False,False,False,False,True,False,True,False,False,False,True
176,28,1490.1,21,4.9,False,9,1490.1,70.95714285714286,21,5,5,5,555,15,1.0,1.0,1.0,100.0,0,True,False,False,False,False,True,True,False,True,False,True,False,False,False,False,False,False,False,True,False,False,True,True,False
177,32,680.3,10,3.8,True,32,680.3,68.03,10,2,2,2,222,6,0.2142857142857142,0.4210526315789471,0.5740740740740741,38.42522974101921,1,True,False,False,True,False,False,False,True,False,True,False,True,False,False,False,False,False,False,False,False,True,False,False,True
178,36,470.5,8,3.0,False,18,470.5,58.8125,8,4,1,1,411,6,0.0714285714285714,0.0,0.8333333333333334,27.857142857142858,0,False,True,False,False,False,False,False,False,False,False,False,False,False,False,True,False,True,False,False,True,False,False,True,False
179,30,1180.8,16,4.7,True,19,1180.8,73.8,16,4,4,4,444,12,0.6428571428571428,0.8947368421052628,0.8148148148148148,77.00083542188804,1,False,False,False,False,True,False,True,False,True,False,True,False,False,False,False,False,False,False,False,False,False,True,True,False
180,34,790.2,11,4.0,False,15,790.2,71.83636363636364,11,4,2,3,423,9,0.2857142857142857,0.5263157894736841,0.8888888888888888,53.88471177944862,0,True,False,True,False,False,False,False,True,False,False,False,False,False,False,False,True,False,False,False,False,False,False,True,False
181,43,505.75,10,3.3,True,39,505.75,50.575,10,2,2,2,222,6,0.2142857142857142,0.1578947368421051,0.4444444444444444,26.641604010025056,1,False,False,False,False,False,False,False,False,False,True,False,True,False,False,False,False,False,True,False,False,True,False,False,True
182,30,1470.5,20,4.8,False,13,1470.5,73.525,20,5,5,5,555,15,0.9285714285714284,0.9473684210526314,0.9259259259259259,93.34168755221386,0,True,False,False,False,False,True,True,False,True,False,True,False,False,False,False,False,False,False,False,False,False,True,True,False
183,27,710.4,13,4.1,True,54,710.4,54.646153846153844,13,1,3,3,133,7,0.4285714285714285,0.5789473684210522,0.16666666666666663,39.5112781954887,1,True,False,False,True,False,False,False,True,False,True,False,False,False,False,False,False,False,False,True,False,True,False,False,False
184,37,430.8,7,3.4,False,23,430.8,61.542857142857144,7,3,1,1,311,5,0.0,0.21052631578947367,0.7407407407407407,28.53801169590643,0,False,True,False,False,False,False,False,False,False,False,False,False,False,True,False,False,True,False,False,True,False,False,True,False
185,31,1140.6,15,4.6,True,27,1140.6,76.03999999999999,15,3,4,4,344,11,0.5714285714285714,0.8421052631578942,0.6666666666666666,68.12030075187968,1,False,False,False,False,True,False,True,False,True,False,False,False,True,False,False,False,False,False,False,False,False,False,True,False
186,35,810.9,12,4.3,False,13,810.9,67.575,12,5,3,3,533,11,0.3571428571428571,0.6842105263157894,0.9259259259259259,62.58980785296575,0,True,False,True,False,False,False,False,True,False,False,False,False,False,False,False,True,True,False,False,False,False,False,True,False
187,41,485.25,9,3.6,True,39,485.25,53.916666666666664,9,2,1,1,211,4,0.1428571428571428,0.3157894736842104,0.4444444444444444,28.52130325814536,1,False,False,False,False,False,False,False,False,False,True,False,True,False,False,False,False,False,True,False,True,False,False,False,True
188,28,1500.1,21,4.9,False,10,1500.1,71.43333333333332,21,5,5,5,555,15,1.0,1.0,0.9814814814814815,99.44444444444444,0,True,False,False,False,False,True,True,False,True,False,True,False,False,False,False,False,False,False,True,False,False,True,True,False
189,32,670.3,10,3.8,True,33,670.3,67.03,10,2,2,2,222,6,0.2142857142857142,0.4210526315789471,0.5555555555555556,37.869674185463644,1,True,False,False,True,False,False,False,True,False,True,False,True,False,False,False,False,False,False,False,False,True,False,False,True
190,36,460.5,8,3.1,False,19,460.5,57.5625,8,4,1,1,411,6,0.0714285714285714,0.05263157894736836,0.8148148148148148,28.880534670008352,0,False,True,False,False,False,False,False,False,False,False,False,False,False,False,True,False,True,False,False,True,False,False,True,False
191,30,1190.8,16,4.5,True,20,1190.8,74.425,16,4,4,4,444,12,0.6428571428571428,0.7894736842105261,0.7962962962962963,73.28738512949037,1,False,False,False,False,True,False,True,False,True,False,True,False,False,False,False,False,False,False,False,False,False,True,True,False
192,33,830.75,13,4.2,False,14,830.75,63.90384615384615,13,5,3,4,534,12,0.4285714285714285,0.6315789473684208,0.9074074074074074,63.31244778613198,0,True,False,True,False,False,False,False,True,True,False,False,False,False,False,False,True,False,False,False,False,False,False,True,False
193,42,520.4,9,3.5,True,37,520.4,57.82222222222222,9,2,1,2,212,5,0.1428571428571428,0.26315789473684204,0.4814814814814815,28.05346700083542,1,False,False,False,False,False,False,False,False,False,True,False,True,False,False,False,False,False,True,False,False,True,False,False,True
194,29,1370.2,18,4.7,False,10,1370.2,76.12222222222222,18,5,5,5,555,15,0.7857142857142856,0.8947368421052628,0.9814814814814815,87.71512113617376,0,True,False,False,False,False,True,True,False,True,False,True,False,False,False,False,False,False,False,True,False,False,True,True,False
195,26,690.6,12,3.9,True,47,690.6,57.550000000000004,12,1,3,3,133,7,0.3571428571428571,0.4736842105263155,0.2962962962962963,37.38512949039264,1,True,False,False,True,False,False,False,True,False,True,False,False,False,False,False,False,False,False,True,False,True,False,False,False
196,38,440.9,8,3.2,False,24,440.9,55.1125,8,3,1,1,311,5,0.0714285714285714,0.10526315789473695,0.7222222222222222,27.681704260651628,0,False,True,False,False,False,False,False,False,False,False,False,False,False,True,False,False,True,False,False,True,False,False,True,False
197,32,1160.3,14,4.4,True,22,1160.3,82.87857142857142,14,3,4,4,344,11,0.5,0.736842105263158,0.7592592592592593,64.88304093567253,1,False,False,False,False,True,False,True,False,True,False,False,False,True,False,False,False,False,False,False,False,False,False,True,False
198,34,800.2,11,4.1,False,17,800.2,72.74545454545455,11,4,2,3,423,9,0.2857142857142857,0.5789473684210522,0.8518518518518519,54.35254803675855,0,True,False,True,False,False,False,False,True,False,False,False,False,False,False,False,True,False,False,False,False,False,False,True,False
199,43,500.75,10,3.3,True,40,500.75,50.075,10,1,2,2,122,5,0.2142857142857142,0.1578947368421051,0.42592592592592593,26.086048454469502,1,False,False,False,False,False,False,False,False,False,True,False,True,False,False,False,False,False,True,False,True,False,False,False,True
200,30,1460.5,20,4.8,False,12,1460.5,73.025,20,5,5,5,555,15,0.9285714285714284,0.9473684210526314,0.9444444444444444,93.89724310776941,0,True,False,False,False,False,True,True,False,True,False,True,False,False,False,False,False,False,False,False,False,False,True,True,False
201,27,700.4,13,4.0,True,53,700.4,53.87692307692308,13,1,3,3,133,7,0.4285714285714285,0.5263157894736841,0.18518518518518523,38.48788638262322,1,True,False,False,True,False,False,False,True,False,True,False,False,False,False,False,False,False,False,True,False,True,False,False,False
202,37,420.8,7,3.1,False,21,420.8,60.114285714285714,7,3,1,1,311,5,0.0,0.05263157894736836,0.7777777777777778,24.912280701754387,0,False,True,False,False,False,False,False,False,False,False,False,False,False,True,False,False,True,False,False,True,False,False,True,False
203,31,1130.6,15,4.5,True,26,1130.6,75.37333333333332,15,3,4,4,344,11,0.5714285714285714,0.7894736842105261,0.6851851851851852,67.0969089390142,1,False,False,False,False,True,False,True,False,True,False,False,False,True,False,False,False,False,False,False,False,False,False,True,False
204,35,820.9,12,4.3,False,12,820.9,68.40833333333333,12,5,3,4,534,12,0.3571428571428571,0.6842105263157894,0.9444444444444444,63.145363408521305,0,True,False,True,False,False,False,False,True,False,False,False,False,False,False,False,True,True,False,False,False,False,False,True,False
205,41,480.25,9,3.6,True,38,480.25,53.361111111111114,9,2,1,1,211,4,0.1428571428571428,0.3157894736842104,0.4629629629629629,29.076858813700913,1,False,False,False,False,False,False,False,False,False,True,False,True,False,False,False,False,False,True,False,True,False,False,False,True
206,28,1490.1,21,4.9,False,9,1490.1,70.95714285714286,21,5,5,5,555,15,1.0,1.0,1.0,100.0,0,True,False,False,False,False,True,True,False,True,False,True,False,False,False,False,False,False,False,True,False,False,True,True,False
207,32,680.3,10,3.8,True,32,680.3,68.03,10,2,2,2,222,6,0.2142857142857142,0.4210526315789471,0.5740740740740741,38.42522974101921,1,True,False,False,True,False,False,False,True,False,True,False,True,False,False,False,False,False,False,False,False,True,False,False,True
208,36,470.5,8,3.0,False,18,470.5,58.8125,8,4,1,1,411,6,0.0714285714285714,0.0,0.8333333333333334,27.857142857142858,0,False,True,False,False,False,False,False,False,False,False,False,False,False,False,True,False,True,False,False,True,False,False,True,False
209,30,1180.8,16,4.7,True,19,1180.8,73.8,16,4,4,4,444,12,0.6428571428571428,0.8947368421052628,0.8148148148148148,77.00083542188804,1,False,False,False,False,True,False,True,False,True,False,True,False,False,False,False,False,False,False,False,False,False,True,True,False
210,34,790.2,11,4.0,False,15,790.2,71.83636363636364,11,4,2,3,423,9,0.2857142857142857,0.5263157894736841,0.8888888888888888,53.88471177944862,0,True,False,True,False,False,False,False,True,False,False,False,False,False,False,False,True,False,False,False,False,False,False,True,False
211,43,505.75,10,3.3,True,39,505.75,50.575,10,2,2,2,222,6,0.2142857142857142,0.1578947368421051,0.4444444444444444,26.641604010025056,1,False,False,False,False,False,False,False,False,False,True,False,True,False,False,False,False,False,True,False,False,True,False,False,True
212,30,1470.5,20,4.8,False,13,1470.5,73.525,20,5,5,5,555,15,0.9285714285714284,0.9473684210526314,0.9259259259259259,93.34168755221386,0,True,False,False,False,False,True,True,False,True,False,True,False,False,False,False,False,False,False,False,False,False,True,True,False
213,27,710.4,13,4.1,True,54,710.4,54.646153846153844,13,1,3,3,133,7,0.4285714285714285,0.5789473684210522,0.16666666666666663,39.5112781954887,1,True,False,False,True,False,False,False,True,False,True,False,False,False,False,False,False,False,False,True,False,True,False,False,False
214,37,430.8,7,3.4,False,23,430.8,61.542857142857144,7,3,1,1,311,5,0.0,0.21052631578947367,0.7407407407407407,28.53801169590643,0,False,True,False,False,False,False,False,False,False,False,False,False,False,True,False,False,True,False,False,True,False,False,True,False
215,31,1140.6,15,4.6,True,27,1140.6,76.03999999999999,15,3,4,4,344,11,0.5714285714285714,0.8421052631578942,0.6666666666666666,68.12030075187968,1,False,False,False,False,True,False,True,False,True,False,False,False,True,False,False,False,False,False,False,False,False,False,True,False
216,35,810.9,12,4.3,False,13,810.9,67.575,12,5,3,3,533,11,0.3571428571428571,0.6842105263157894,0.9259259259259259,62.58980785296575,0,True,False,True,False,False,False,False,True,False,False,False,False,False,False,False,True,True,False,False,False,False,False,True,False
217,41,485.25,9,3.6,True,39,485.25,53.916666666666664,9,2,1,1,211,4,0.1428571428571428,0.3157894736842104,0.4444444444444444,28.52130325814536,1,False,False,False,False,False,False,False,False,False,True,False,True,False,False,False,False,False,True,False,True,False,False,False,True
218,28,1500.1,21,4.9,False,10,1500.1,71.43333333333332,21,5,5,5,555,15,1.0,1.0,0.9814814814814815,99.44444444444444,0,True,False,False,False,False,True,True,False,True,False,True,False,False,False,False,False,False,False,True,False,False,True,True,False
219,32,670.3,10,3.8,True,33,670.3,67.03,10,2,2,2,222,6,0.2142857142857142,0.4210526315789471,0.5555555555555556,37.869674185463644,1,True,False,False,True,False,False,False,True,False,True,False,True,False,False,False,False,False,False,False,False,True,False,False,True
220,36,460.5,8,3.1,False,19,460.5,57.5625,8,4,1,1,411,6,0.0714285714285714,0.05263157894736836,0.8148148148148148,28.880534670008352,0,False,True,False,False,False,False,False,False,False,False,False,False,False,False,True,False,True,False,False,True,False,False,True,False
221,30,1190.8,16,4.5,True,20,1190.8,74.425,16,4,4,4,444,12,0.6428571428571428,0.7894736842105261,0.7962962962962963,73.28738512949037,1,False,False,False,False,True,False,True,False,True,False,True,False,False,False,False,False,False,False,False,False,False,True,True,False
222,33,830.75,13,4.2,False,14,830.75,63.90384615384615,13,5,3,4,534,12,0.4285714285714285,0.6315789473684208,0.9074074074074074,63.31244778613198,0,True,False,True,False,False,False,False,True,True,False,False,False,False,False,False,True,False,False,False,False,False,False,True,False
223,42,520.4,9,3.5,True,37,520.4,57.82222222222222,9,2,1,2,212,5,0.1428571428571428,0.26315789473684204,0.4814814814814815,28.05346700083542,1,False,False,False,False,False,False,False,False,False,True,False,True,False,False,False,False,False,True,False,False,True,False,False,True
224,29,1370.2,18,4.7,False,10,1370.2,76.12222222222222,18,5,5,5,555,15,0.7857142857142856,0.8947368421052628,0.9814814814814815,87.71512113617376,0,True,False,False,False,False,True,True,False,True,False,True,False,False,False,False,False,False,False,True,False,False,True,True,False
225,26,690.6,12,3.9,True,47,690.6,57.550000000000004,12,1,3,3,133,7,0.3571428571428571,0.4736842105263155,0.2962962962962963,37.38512949039264,1,True,False,False,True,False,False,False,True,False,True,False,False,False,False,False,False,False,False,True,False,True,False,False,False
226,38,440.9,8,3.2,False,24,440.9,55.1125,8,3,1,1,311,5,0.0714285714285714,0.10526315789473695,0.7222222222222222,27.681704260651628,0,False,True,False,False,False,False,False,False,False,False,False,False,False,True,False,False,True,False,False,True,False,False,True,False
227,32,1160.3,14,4.4,True,22,1160.3,82.87857142857142,14,3,4,4,344,11,0.5,0.736842105263158,0.7592592592592593,64.88304093567253,1,False,False,False,False,True,False,True,False,True,False,False,False,True,False,False,False,False,False,False,False,False,False,True,False
228,34,800.2,11,4.1,False,17,800.2,72.74545454545455,11,4,2,3,423,9,0.2857142857142857,0.5789473684210522,0.8518518518518519,54.35254803675855,0,True,False,True,False,False,False,False,True,False,False,False,False,False,False,False,True,False,False,False,False,False,False,True,False
229,43,500.75,10,3.3,True,40,500.75,50.075,10,1,2,2,122,5,0.2142857142857142,0.1578947368421051,0.42592592592592593,26.086048454469502,1,False,False,False,False,False,False,False,False,False,True,False,True,False,False,False,False,False,True,False,True,False,False,False,True
230,30,1460.5,20,4.8,False,12,1460.5,73.025,20,5,5,5,555,15,0.9285714285714284,0.9473684210526314,0.9444444444444444,93.89724310776941,0,True,False,False,False,False,True,True,False,True,False,True,False,False,False,False,False,False,False,False,False,False,True,True,False
231,27,700.4,13,4.0,True,53,700.4,53.87692307692308,13,1,3,3,133,7,0.4285714285714285,0.5263157894736841,0.18518518518518523,38.48788638262322,1,True,False,False,True,False,False,False,True,False,True,False,False,False,False,False,False,False,False,True,False,True,False,False,False
232,37,420.8,7,3.1,False,21,420.8,60.114285714285714,7,3,1,1,311,5,0.0,0.05263157894736836,0.7777777777777778,24.912280701754387,0,False,True,False,False,False,False,False,False,False,False,False,False,False,True,False,False,True,False,False,True,False,False,True,False
233,31,1130.6,15,4.5,True,26,1130.6,75.37333333333332,15,3,4,4,344,11,0.5714285714285714,0.7894736842105261,0.6851851851851852,67.0969089390142,1,False,False,False,False,True,False,True,False,True,False,False,False,True,False,False,False,False,False,False,False,False,False,True,False
234,35,820.9,12,4.3,False,12,820.9,68.40833333333333,12,5,3,4,534,12,0.3571428571428571,0.6842105263157894,0.9444444444444444,63.145363408521305,0,True,False,True,False,False,False,False,True,False,False,False,False,False,False,False,True,True,False,False,False,False,False,True,False
235,41,480.25,9,3.6,True,38,480.25,53.361111111111114,9,2,1,1,211,4,0.1428571428571428,0.3157894736842104,0.4629629629629629,29.076858813700913,1,False,False,False,False,False,False,False,False,False,True,False,True,False,False,False,False,False,True,False,True,False,False,False,True
236,28,1490.1,21,4.9,False,9,1490.1,70.95714285714286,21,5,5,5,555,15,1.0,1.0,1.0,100.0,0,True,False,False,False,False,True,True,False,True,False,True,False,False,False,False,False,False,False,True,False,False,True,True,False
237,32,680.3,10,3.8,True,32,680.3,68.03,10,2,2,2,222,6,0.2142857142857142,0.4210526315789471,0.5740740740740741,38.42522974101921,1,True,False,False,True,False,False,False,True,False,True,False,True,False,False,False,False,False,False,False,False,True,False,False,True
238,36,470.5,8,3.0,False,18,470.5,58.8125,8,4,1,1,411,6,0.0714285714285714,0.0,0.8333333333333334,27.857142857142858,0,False,True,False,False,False,False,False,False,False,False,False,False,False,False,True,False,True,False,False,True,False,False,True,False
239,30,1180.8,16,4.7,True,19,1180.8,73.8,16,4,4,4,444,12,0.6428571428571428,0.8947368421052628,0.8148148148148148,77.00083542188804,1,False,False,False,False,True,False,True,False,True,False,True,False,False,False,False,False,False,False,False,False,False,True,True,False
240,34,790.2,11,4.0,False,15,790.2,71.83636363636364,11,4,2,3,423,9,0.2857142857142857,0.5263157894736841,0.8888888888888888,53.88471177944862,0,True,False,True,False,False,False,False,True,False,False,False,False,False,False,False,True,False,False,False,False,False,False,True,False
241,43,505.75,10,3.3,True,39,505.75,50.575,10,2,2,2,222,6,0.2142857142857142,0.1578947368421051,0.4444444444444444,26.641604010025056,1,False,False,False,False,False,False,False,False,False,True,False,True,False,False,False,False,False,True,False,False,True,False,False,True
242,30,1470.5,20,4.8,False,13,1470.5,73.525,20,5,5,5,555,15,0.9285714285714284,0.9473684210526314,0.9259259259259259,93.34168755221386,0,True,False,False,False,False,True,True,False,True,False,True,False,False,False,False,False,False,False,False,False,False,True,True,False
243,27,710.4,13,4.1,True,54,710.4,54.646153846153844,13,1,3,3,133,7,0.4285714285714285,0.5789473684210522,0.16666666666666663,39.5112781954887,1,True,False,False,True,False,False,False,True,False,True,False,False,False,False,False,False,False,False,True,False,True,False,False,False
244,37,430.8,7,3.4,False,23,430.8,61.542857142857144,7,3,1,1,311,5,0.0,0.21052631578947367,0.7407407407407407,28.53801169590643,0,False,True,False,False,False,False,False,False,True,False,False,False,False,True,False,False,True,False,False,True,False,False,True,False
245,31,1130.6,15,4.5,True,26,1130.6,75.37333333333332,15,3,4,4,344,11,0.5714285714285714,0.7894736842105261,0.6851851851851852,67.0969089390142,1,False,False,False,False,True,False,True,False,True,False,False,False,True,False,False,False,False,False,False,False,False,False,True,False
246,35,820.9,12,4.3,False,12,820.9,68.40833333333333,12,5,3,4,534,12,0.3571428571428571,0.6842105263157894,0.9444444444444444,63.145363408521305,0,True,False,True,False,False,False,False,True,False,False,False,False,False,False,False,True,True,False,False,False,False,False,True,False
247,41,480.25,9,3.6,True,38,480.25,53.361111111111114,9,2,1,1,211,4,0.1428571428571428,0.3157894736842104,0.4629629629629629,29.076858813700913,1,False,False,False,False,False,False,False,False,False,True,False,True,False,False,False,False,False,True,False,True,False,False,False,True
248,28,1490.1,21,4.9,False,9,1490.1,70.95714285714286,21,5,5,5,555,15,1.0,1.0,1.0,100.0,0,True,False,False,False,False,True,True,False,True,False,True,False,False,False,False,False,False,False,True,False,False,True,True,False
249,32,680.3,10,3.8,True,32,680.3,68.03,10,2,2,2,222,6,0.2142857142857142,0.4210526315789471,0.5740740740740741,38.42522974101921,1,True,False,False,True,False,False,False,True,False,True,False,True,False,False,False,False,False,False,False,False,True,False,False,True
250,36,470.5,8,3.0,False,18,470.5,58.8125,8,4,1,1,411,6,0.0714285714285714,0.0,0.8333333333333334,27.857142857142858,0,False,True,False,False,False,False,False,False,False,False,False,False,False,False,True,False,True,False,False,True,False,False,True,False
251,30,1180.8,16,4.7,True,19,1180.8,73.8,16,4,4,4,444,12,0.6428571428571428,0.8947368421052628,0.8148148148148148,77.00083542188804,1,False,False,False,False,True,False,True,False,True,False,True,False,False,False,False,False,False,False,False,False,False,True,True,False
252,34,790.2,11,4.0,False,15,790.2,71.83636363636364,11,4,2,3,423,9,0.2857142857142857,0.5263157894736841,0.8888888888888888,53.88471177944862,0,True,False,True,False,False,False,False,True,False,False,False,False,False,False,False,True,False,False,False,False,False,False,True,False
253,43,505.75,10,3.3,True,39,505.75,50.575,10,2,2,2,222,6,0.2142857142857142,0.1578947368421051,0.4444444444444444,26.641604010025056,1,False,False,False,False,False,False,False,False,False,True,False,True,False,False,False,False,False,True,False,False,True,False,False,True
254,30,1470.5,20,4.8,False,13,1470.5,73.525,20,5,5,5,555,15,0.9285714285714284,0.9473684210526314,0.9259259259259259,93.34168755221386,0,True,False,False,False,False,True,True,False,True,False,True,False,False,False,False,False,False,False,False,False,False,True,True,False
255,27,710.4,13,4.1,True,54,710.4,54.646153846153844,13,1,3,3,133,7,0.4285714285714285,0.5789473684210522,0.16666666666666663,39.5112781954887,1,True,False,False,True,False,False,False,True,False,True,False,False,False,False,False,False,False,False,True,False,True,False,False,False
256,37,430.8,7,3.4,False,23,430.8,61.542857142857144,7,3,1,1,311,5,0.0,0.21052631578947367,0.7407407407407407,28.53801169590643,0,False,True,False,False,False,False,False,False,False,False,False,False,False,True,False,False,True,False,False,True,False,False,True,False
257,31,1140.6,15,4.6,True,27,1140.6,76.03999999999999,15,3,4,4,344,11,0.5714285714285714,0.8421052631578942,0.6666666666666666,68.12030075187968,1,False,False,False,False,True,False,True,False,True,False,False,False,True,False,False,False,False,False,False,False,False,False,True,False
258,35,810.9,12,4.3,False,13,810.9,67.575,12,5,3,3,533,11,0.3571428571428571,0.6842105263157894,0.9259259259259259,62.58980785296575,0,True,False,True,False,False,False,False,True,False,False,False,False,False,False,False,True,True,False,False,False,False,False,True,False
259,41,485.25,9,3.6,True,39,485.25,53.916666666666664,9,2,1,1,211,4,0.1428571428571428,0.3157894736842104,0.4444444444444444,28.52130325814536,1,False,False,False,False,False,False,False,False,False,True,False,True,False,False,False,False,False,True,False,True,False,False,False,True
260,28,1500.1,21,4.9,False,10,1500.1,71.43333333333332,21,5,5,5,555,15,1.0,1.0,0.9814814814814815,99.44444444444444,0,True,False,False,False,False,True,True,False,True,False,True,False,False,False,False,False,False,False,True,False,False,True,True,False
261,32,670.3,10,3.8,True,33,670.3,67.03,10,2,2,2,222,6,0.2142857142857142,0.4210526315789471,0.5555555555555556,37.869674185463644,1,True,False,False,True,False,False,False,True,False,True,False,True,False,False,False,False,False,False,False,False,True,False,False,True
262,36,460.5,8,3.1,False,19,460.5,57.5625,8,4,1,1,411,6,0.0714285714285714,0.05263157894736836,0.8148148148148148,28.880534670008352,0,False,True,False,False,False,False,False,False,False,False,False,False,False,False,True,False,True,False,False,True,False,False,True,False
263,30,1190.8,16,4.5,True,20,1190.8,74.425,16,4,4,4,444,12,0.6428571428571428,0.7894736842105261,0.7962962962962963,73.28738512949037,1,False,False,False,False,True,False,True,False,True,False,True,False,False,False,False,False,False,False,False,False,False,True,True,False
264,33,830.75,13,4.2,False,14,830.75,63.90384615384615,13,5,3,4,534,12,0.4285714285714285,0.6315789473684208,0.9074074074074074,63.31244778613198,0,True,False,True,False,False,False,False,True,True,False,False,False,False,False,False,True,False,False,False,False,False,False,True,False
265,42,520.4,9,3.5,True,37,520.4,57.82222222222222,9,2,1,2,212,5,0.1428571428571428,0.26315789473684204,0.4814814814814815,28.05346700083542,1,False,False,False,False,False,False,False,False,False,True,False,True,False,False,False,False,False,True,False,False,True,False,False,True
266,29,1370.2,18,4.7,False,10,1370.2,76.12222222222222,18,5,5,5,555,15,0.7857142857142856,0.8947368421052628,0.9814814814814815,87.71512113617376,0,True,False,False,False,False,True,True,False,True,False,True,False,False,False,False,False,False,False,True,False,False,True,True,False
267,26,690.6,12,3.9,True,47,690.6,57.550000000000004,12,1,3,3,133,7,0.3571428571428571,0.4736842105263155,0.2962962962962963,37.38512949039264,1,True,False,False,True,False,False,False,True,False,True,False,False,False,False,False,False,False,False,True,False,True,False,False,False
268,38,440.9,8,3.2,False,24,440.9,55.1125,8,3,1,1,311,5,0.0714285714285714,0.10526315789473695,0.7222222222222222,27.681704260651628,0,False,True,False,False,False,False,False,False,False,False,False,False,False,True,False,False,True,False,False,True,False,False,True,False
269,32,1160.3,14,4.4,True,22,1160.3,82.87857142857142,14,3,4,4,344,11,0.5,0.736842105263158,0.7592592592592593,64.88304093567253,1,False,False,False,False,True,False,True,False,True,False,False,False,True,False,False,False,False,False,False,False,False,False,True,False
270,34,800.2,11,4.1,False,17,800.2,72.74545454545455,11,4,2,3,423,9,0.2857142857142857,0.5789473684210522,0.8518518518518519,54.35254803675855,0,True,False,True,False,False,False,False,True,False,False,False,False,False,False,False,True,False,False,False,False,False,False,True,False
271,43,500.75,10,3.3,True,40,500.75,50.075,10,1,2,2,122,5,0.2142857142857142,0.1578947368421051,0.42592592592592593,26.086048454469502,1,False,False,False,False,False,False,False,False,False,True,False,True,False,False,False,False,False,True,False,True,False,False,False,True
272,30,1460.5,20,4.8,False,12,1460.5,73.025,20,5,5,5,555,15,0.9285714285714284,0.9473684210526314,0.9444444444444444,93.89724310776941,0,True,False,False,False,False,True,True,False,True,False,True,False,False,False,False,False,False,False,False,False,False,True,True,False
273,27,700.4,13,4.0,True,53,700.4,53.87692307692308,13,1,3,3,133,7,0.4285714285714285,0.5263157894736841,0.18518518518518523,38.48788638262322,1,True,False,False,True,False,False,False,True,False,True,False,False,False,False,False,False,False,False,True,False,True,False,False,False
274,37,430.8,7,3.4,False,23,430.8,61.542857142857144,7,3,1,1,311,5,0.0,0.21052631578947367,0.7407407407407407,28.53801169590643,0,False,True,False,False,False,False,False,False,False,False,False,False,False,True,False,False,True,False,False,True,False,False,True,False
275,31,1140.6,15,4.5,True,27,1140.6,76.03999999999999,15,3,4,4,344,11,0.5714285714285714,0.7894736842105261,0.6666666666666666,66.54135338345864,1,False,False,False,False,True,False,True,False,True,False,False,False,True,False,False,False,False,False,False,False,False,False,True,False
276,35,820.9,12,4.3,False,12,820.9,68.40833333333333,12,5,3,4,534,12,0.3571428571428571,0.6842105263157894,0.9444444444444444,63.145363408521305,0,True,False,True,False,False,False,False,True,False,False,False,False,False,False,False,True,True,False,False,False,False,False,True,False
277,41,480.25,9,3.6,True,38,480.25,53.361111111111114,9,2,1,1,211,4,0.1428571428571428,0.3157894736842104,0.4629629629629629,29.076858813700913,1,False,False,False,False,False,False,False,False,False,True,False,True,False,False,False,False,False,True,False,True,False,False,False,True
278,28,1490.1,21,4.9,False,9,1490.1,70.95714285714286,21,5,5,5,555,15,1.0,1.0,1.0,100.0,0,True,False,False,False,False,True,True,False,True,False,True,False,False,False,False,False,False,False,True,False,False,True,True,False
279,32,680.3,10,3.8,True,32,680.3,68.03,10,2,2,2,222,6,0.2142857142857142,0.4210526315789471,0.5740740740740741,38.42522974101921,1,True,False,False,True,False,False,False,True,False,True,False,True,False,False,False,False,False,False,False,False,True,False,False,True
280,36,470.5,8,3.0,False,18,470.5,58.8125,8,4,1,1,411,6,0.0714285714285714,0.0,0.8333333333333334,27.857142857142858,0,False,True,False,False,False,False,False,False,False,False,False,False,False,False,True,False,True,False,False,True,False,False,True,False
281,30,1180.8,16,4.7,True,19,1180.8,73.8,16,4,4,4,444,12,0.6428571428571428,0.8947368421052628,0.8148148148148148,77.00083542188804,1,False,False,False,False,True,False,True,False,True,False,True,False,False,False,False,False,False,False,False,False,False,True,True,False
282,34,790.2,11,4.0,False,15,790.2,71.83636363636364,11,4,2,3,423,9,0.2857142857142857,0.5263157894736841,0.8888888888888888,53.88471177944862,0,True,False,True,False,False,False,False,True,False,False,False,False,False,False,False,True,False,False,False,False,False,False,True,False
283,43,505.75,10,3.3,True,39,505.75,50.575,10,2,2,2,222,6,0.2142857142857142,0.1578947368421051,0.4444444444444444,26.641604010025056,1,False,False,False,False,False,False,False,False,False,True,False,True,False,False,False,False,False,True,False,False,True,False,False,True
284,30,1470.5,20,4.8,False,13,1470.5,73.525,20,5,5,5,555,15,0.9285714285714284,0.9473684210526314,0.9259259259259259,93.34168755221386,0,True,False,False,False,False,True,True,False,True,False,True,False,False,False,False,False,False,False,False,False,False,True,True,False
285,27,710.4,13,4.1,True,54,710.4,54.646153846153844,13,1,3,3,133,7,0.4285714285714285,0.5789473684210522,0.16666666666666663,39.5112781954887,1,True,False,False,True,False,False,False,True,False,True,False,False,False,False,False,False,False,False,True,False,True,False,False,False
286,37,430.8,7,3.4,False,23,430.8,61.542857142857144,7,3,1,1,311,5,0.0,0.21052631578947367,0.7407407407407407,28.53801169590643,0,False,True,False,False,False,False,False,False,False,False,False,False,False,True,False,False,True,False,False,True,False,False,True,False
287,31,1130.6,15,4.5,True,26,1130.6,75.37333333333332,15,3,4,4,344,11,0.5714285714285714,0.7894736842105261,0.6851851851851852,67.0969089390142,1,False,False,False,False,True,False,True,False,True,False,False,False,True,False,False,False,False,False,False,False,False,False,True,False
288,35,820.9,12,4.3,False,13,820.9,68.40833333333333,12,5,3,4,534,12,0.3571428571428571,0.6842105263157894,0.9259259259259259,62.58980785296575,0,True,False,True,False,False,False,False,True,False,False,False,False,False,False,False,True,True,False,False,False,False,False,True,False
289,41,485.25,9,3.6,True,39,485.25,53.916666666666664,9,2,1,1,211,4,0.1428571428571428,0.3157894736842104,0.4444444444444444,28.52130325814536,1,False,False,False,False,False,False,False,False,False,True,False,True,False,False,False,False,False,True,False,True,False,False,False,True
290,28,1500.1,21,4.9,False,10,1500.1,71.43333333333332,21,5,5,5,555,15,1.0,1.0,0.9814814814814815,99.44444444444444,0,True,False,False,False,False,True,True,False,True,False,True,False,False,False,False,False,False,False,True,False,False,True,True,False
291,32,670.3,10,3.8,True,33,670.3,67.03,10,2,2,2,222,6,0.2142857142857142,0.4210526315789471,0.5555555555555556,37.869674185463644,1,True,False,False,True,False,False,False,True,False,True,False,True,False,False,False,False,False,False,False,False,True,False,False,True
292,36,460.5,8,3.1,False,19,460.5,57.5625,8,4,1,1,411,6,0.0714285714285714,0.05263157894736836,0.8148148148148148,28.880534670008352,0,False,True,False,False,False,False,False,False,False,False,False,False,False,False,True,False,True,False,False,True,False,False,True,False
293,30,1190.8,16,4.5,True,20,1190.8,74.425,16,4,4,4,444,12,0.6428571428571428,0.7894736842105261,0.7962962962962963,73.28738512949037,1,False,False,False,False,True,False,True,False,True,False,True,False,False,False,False,False,False,False,False,False,False,True,True,False
294,33,830.75,13,4.2,False,14,830.75,63.90384615384615,13,5,3,4,534,12,0.4285714285714285,0.6315789473684208,0.9074074074074074,63.31244778613198,0,True,False,True,False,False,False,False,True,True,False,False,False,False,False,False,True,False,False,False,False,False,False,True,False
295,42,520.4,9,3.5,True,37,520.4,57.82222222222222,9,2,1,2,212,5,0.1428571428571428,0.26315789473684204,0.4814814814814815,28.05346700083542,1,False,False,False,False,False,False,False,False,False,True,False,True,False,False,False,False,False,True,False,False,True,False,False,True
296,29,1370.2,18,4.7,False,10,1370.2,76.12222222222222,18,5,5,5,555,15,0.7857142857142856,0.8947368421052628,0.9814814814814815,87.71512113617376,0,True,False,False,False,False,True,True,False,True,False,True,False,False,False,False,False,False,False,True,False,False,True,True,False
297,26,690.6,12,3.9,True,47,690.6,57.550000000000004,12,1,3,3,133,7,0.3571428571428571,0.4736842105263155,0.2962962962962963,37.38512949039264,1,True,False,False,True,False,False,False,True,False,True,False,False,False,False,False,False,False,False,True,False,True,False,False,False
298,38,440.9,8,3.2,False,24,440.9,55.1125,8,3,1,1,311,5,0.0714285714285714,0.10526315789473695,0.7222222222222222,27.681704260651628,0,False,True,False,False,False,False,False,False,False,False,False,False,False,True,False,False,True,False,False,True,False,False,True,False
299,32,1160.3,14,4.4,True,22,1160.3,82.87857142857142,14,3,4,4,344,11,0.5,0.736842105263158,0.7592592592592593,64.88304093567253,1,False,False,False,False,True,False,True,False,True,False,False,False,True,False,False,False,False,False,False,False,False,False,True,False
300,34,800.2,11,4.1,False,17,800.2,72.74545454545455,11,4,2,3,423,9,0.2857142857142857,0.5789473684210522,0.8518518518518519,54.35254803675855,0,True,False,True,False,False,False,False,True,False,False,False,False,False,False,False,True,False,False,False,False,False,False,True,False
301,36,1420.8,19,4.6,False,11,1420.8,74.77894736842104,19,5,5,5,555,15,0.857142857142857,0.8421052631578942,0.962962962962963,88.43776106934,0,True,False,False,False,False,True,True,False,True,False,True,False,False,False,False,False,True,False,False,False,False,True,True,False
302,29,730.4,14,4.0,True,50,730.4,52.17142857142857,14,1,4,3,143,8,0.5,0.5263157894736841,0.2407407407407408,43.01169590643275,1,False,False,False,True,False,False,False,True,False,True,False,False,False,False,False,False,False,False,True,False,True,False,False,False
303,35,450.6,7,3.3,False,21,450.6,64.37142857142858,7,3,1,1,311,5,0.0,0.1578947368421051,0.7777777777777778,28.070175438596483,0,False,True,False,False,False,False,False,False,False,False,False,False,False,True,False,False,True,False,False,True,False,False,True,False
304,31,1210.6,17,4.8,True,18,1210.6,71.21176470588235,17,4,5,5,455,14,0.7142857142857142,0.9473684210526314,0.8333333333333334,81.9924812030075,1,True,False,False,False,True,False,True,False,True,False,True,False,False,False,False,False,False,False,False,False,False,True,True,False
305,27,780.9,11,4.2,False,16,780.9,70.99090909090908,11,4,2,3,423,9,0.2857142857142857,0.6315789473684208,0.8703703703703703,56.48705096073516,0,True,False,True,False,False,False,False,True,False,False,False,False,False,False,False,True,False,False,True,False,False,False,True,False
306,42,495.25,10,3.5,True,35,495.25,49.525,10,2,2,2,222,6,0.2142857142857142,0.26315789473684204,0.5185185185185185,32.02172096908939,1,False,False,False,False,False,False,False,False,False,True,False,True,False,False,False,False,False,True,False,True,False,False,False,True
307,29,1390.2,18,4.7,False,9,1390.2,77.23333333333333,18,5,5,5,555,15,0.7857142857142856,0.8947368421052628,1.0,88.27067669172932,0,True,False,False,False,False,True,True,False,True,False,True,False,False,False,False,False,False,False,True,False,False,True,True,False
308,26,670.6,12,3.9,True,46,670.6,55.88333333333333,12,1,3,2,132,6,0.3571428571428571,0.4736842105263155,0.31481481481481477,37.9406850459482,1,True,False,False,True,False,False,False,True,False,True,False,False,False,True,False,False,False,False,True,False,True,False,False,False
309,38,460.9,8,3.2,False,25,460.9,57.6125,8,3,1,1,311,5,0.0714285714285714,0.10526315789473695,0.7037037037037037,27.126148705096075,0,False,True,False,False,False,False,False,False,False,False,False,False,False,True,False,False,True,False,False,True,False,False,True,False
310,32,1170.3,14,4.5,True,21,1170.3,83.59285714285714,14,3,4,4,344,11,0.5,0.7894736842105261,0.7777777777777778,67.01754385964911,1,False,False,False,False,True,False,True,False,True,False,False,False,True,False,False,False,False,False,False,False,False,True,True,False
311,34,810.2,11,4.0,False,14,810.2,73.65454545454546,11,5,2,3,523,10,0.2857142857142857,0.5263157894736841,0.9074074074074074,54.44026733500418,0,True,False,True,False,False,False,False,True,False,False,False,False,False,False,False,True,False,False,False,False,False,False,True,False
312,43,515.75,9,3.3,True,38,515.75,57.30555555555556,9,2,1,2,212,5,0.1428571428571428,0.1578947368421051,0.4629629629629629,24.34001670843775,1,False,False,False,False,False,False,False,False,False,True,False,True,False,False,False,False,False,True,False,False,True,False,False,True
313,30,1450.5,20,4.8,False,12,1450.5,72.525,20,5,5,5,555,15,0.9285714285714284,0.9473684210526314,0.9444444444444444,93.89724310776941,0,True,False,False,False,False,True,True,False,True,False,True,False,False,False,False,False,False,False,False,False,False,True,True,False
314,27,690.4,13,4.1,True,52,690.4,53.107692307692304,13,1,3,3,133,7,0.4285714285714285,0.5789473684210522,0.20370370370370372,40.622389306599814,1,True,False,False,True,False,False,False,True,False,True,False,False,False,False,False,False,False,False,True,False,True,False,False,False
315,37,420.8,7,3.4,False,24,420.8,60.114285714285714,7,3,1,1,311,5,0.0,0.21052631578947367,0.7222222222222222,27.982456140350877,0,False,True,False,False,False,False,False,False,False,False,False,False,False,True,False,False,True,False,False,True,False,False,True,False
316,31,1130.6,15,4.5,True,26,1130.6,75.37333333333332,15,3,4,4,344,11,0.5714285714285714,0.7894736842105261,0.6851851851851852,67.0969089390142,1,False,False,False,False,True,False,True,False,True,False,False,False,True,False,False,False,False,False,False,False,False,False,True,False
317,35,820.9,12,4.3,False,13,820.9,68.40833333333333,12,5,3,4,534,12,0.3571428571428571,0.6842105263157894,0.9259259259259259,62.58980785296575,0,True,False,True,False,False,False,False,True,False,False,False,False,False,False,False,True,True,False,False,False,False,False,True,False
318,41,480.25,9,3.6,True,39,480.25,53.361111111111114,9,2,1,1,211,4,0.1428571428571428,0.3157894736842104,0.4444444444444444,28.52130325814536,1,False,False,False,False,False,False,False,False,False,True,False,True,False,False,False,False,False,True,False,True,False,False,False,True
319,28,1490.1,21,4.9,False,9,1490.1,70.95714285714286,21,5,5,5,555,15,1.0,1.0,1.0,100.0,0,True,False,False,False,False,True,True,False,True,False,True,False,False,False,False,False,False,False,True,False,False,True,True,False
320,32,680.3,10,3.8,True,32,680.3,68.03,10,2,2,2,222,6,0.2142857142857142,0.4210526315789471,0.5740740740740741,38.42522974101921,1,True,False,False,True,False,False,False,True,False,True,False,True,False,False,False,False,False,False,False,False,True,False,False,True
321,36,470.5,8,3.0,False,18,470.5,58.8125,8,4,1,1,411,6,0.0714285714285714,0.0,0.8333333333333334,27.857142857142858,0,False,True,False,False,False,False,False,False,False,False,False,False,False,False,True,False,True,False,False,True,False,False,True,False
322,30,1180.8,16,4.7,True,19,1180.8,73.8,16,4,4,4,444,12,0.6428571428571428,0.8947368421052628,0.8148148148148148,77.00083542188804,1,False,False,False,False,True,False,True,False,True,False,True,False,False,False,False,False,False,False,False,False,False,True,True,False
323,34,790.2,11,4.0,False,15,790.2,71.83636363636364,11,4,2,3,423,9,0.2857142857142857,0.5263157894736841,0.8888888888888888,53.88471177944862,0,True,False,True,False,False,False,False,True,False,False,False,False,False,False,False,True,False,False,False,False,False,False,True,False
324,43,505.75,10,3.3,True,39,505.75,50.575,10,2,2,2,222,6,0.2142857142857142,0.1578947368421051,0.4444444444444444,26.641604010025056,1,False,False,False,False,False,False,False,False,False,True,False,True,False,False,False,False,False,True,False,False,True,False,False,True
325,30,1470.5,20,4.8,False,13,1470.5,73.525,20,5,5,5,555,15,0.9285714285714284,0.9473684210526314,0.9259259259259259,93.34168755221386,0,True,False,False,False,False,True,True,False,True,False,True,False,False,False,False,False,False,False,False,False,False,True,True,False
326,27,710.4,13,4.1,True,54,710.4,54.646153846153844,13,1,3,3,133,7,0.4285714285714285,0.5789473684210522,0.16666666666666663,39.5112781954887,1,True,False,False,True,False,False,False,True,False,True,False,False,False,False,False,False,False,False,True,False,True,False,False,False
327,37,430.8,7,3.4,False,23,430.8,61.542857142857144,7,3,1,1,311,5,0.0,0.21052631578947367,0.7407407407407407,28.53801169590643,0,False,True,False,False,False,False,False,False,False,False,False,False,False,True,False,False,True,False,False,True,False,False,True,False
328,31,1140.6,15,4.5,True,27,1140.6,76.03999999999999,15,3,4,4,344,11,0.5714285714285714,0.7894736842105261,0.6666666666666666,66.54135338345864,1,False,False,False,False,True,False,True,False,True,False,False,False,True,False,False,False,False,False,False,False,False,False,True,False
329,35,820.9,12,4.3,False,13,820.9,68.40833333333333,12,5,3,4,534,12,0.3571428571428571,0.6842105263157894,0.9259259259259259,62.58980785296575,0,True,False,True,False,False,False,False,True,False,False,False,False,False,False,False,True,True,False,False,False,False,False,True,False
330,41,485.25,9,3.6,True,39,485.25,53.916666666666664,9,2,1,1,211,4,0.1428571428571428,0.3157894736842104,0.4444444444444444,28.52130325814536,1,False,False,False,False,False,False,False,False,False,True,False,True,False,False,False,False,False,True,False,True,False,False,False,True
331,28,1500.1,21,4.9,False,10,1500.1,71.43333333333332,21,5,5,5,555,15,1.0,1.0,0.9814814814814815,99.44444444444444,0,True,False,False,False,False,True,True,False,True,False,True,False,False,False,False,False,False,False,True,False,False,True,True,False
332,32,670.3,10,3.8,True,33,670.3,67.03,10,2,2,2,222,6,0.2142857142857142,0.4210526315789471,0.5555555555555556,37.869674185463644,1,True,False,False,True,False,False,False,True,False,True,False,True,False,False,False,False,False,False,False,False,True,False,False,True
333,36,460.5,8,3.1,False,19,460.5,57.5625,8,4,1,1,411,6,0.0714285714285714,0.05263157894736836,0.8148148148148148,28.880534670008352,0,False,True,False,False,False,False,False,False,False,False,False,False,False,False,True,False,True,False,False,True,False,False,True,False
334,30,1190.8,16,4.5,True,20,1190.8,74.425,16,4,4,4,444,12,0.6428571428571428,0.7894736842105261,0.7962962962962963,73.28738512949037,1,False,False,False,False,True,False,True,False,True,False,True,False,False,False,False,False,False,False,False,False,False,True,True,False
335,33,830.75,13,4.2,False,14,830.75,63.90384615384615,13,5,3,4,534,12,0.4285714285714285,0.6315789473684208,0.9074074074074074,63.31244778613198,0,True,False,True,False,False,False,False,True,True,False,False,False,False,False,False,True,False,False,False,False,False,False,True,False
336,42,520.4,9,3.5,True,37,520.4,57.82222222222222,9,2,1,2,212,5,0.1428571428571428,0.26315789473684204,0.4814814814814815,28.05346700083542,1,False,False,False,False,False,False,False,False,False,True,False,True,False,False,False,False,False,True,False,False,True,False,False,True
337,29,1370.2,18,4.7,False,10,1370.2,76.12222222222222,18,5,5,5,555,15,0.7857142857142856,0.8947368421052628,0.9814814814814815,87.71512113617376,0,True,False,False,False,False,True,True,False,True,False,True,False,False,False,False,False,False,False,True,False,False,True,True,False
338,26,690.6,12,3.9,True,47,690.6,57.550000000000004,12,1,3,3,133,7,0.3571428571428571,0.4736842105263155,0.2962962962962963,37.38512949039264,1,True,False,False,True,False,False,False,True,False,True,False,False,False,False,False,False,False,False,True,False,True,False,False,False
339,38,440.9,8,3.2,False,24,440.9,55.1125,8,3,1,1,311,5,0.0714285714285714,0.10526315789473695,0.7222222222222222,27.681704260651628,0,False,True,False,False,False,False,False,False,False,False,False,False,False,True,False,False,True,False,False,True,False,False,True,False
340,32,1160.3,14,4.4,True,22,1160.3,82.87857142857142,14,3,4,4,344,11,0.5,0.736842105263158,0.7592592592592593,64.88304093567253,1,False,False,False,False,True,False,True,False,True,False,False,False,True,False,False,False,False,False,False,False,False,False,True,False
341,34,800.2,11,4.1,False,17,800.2,72.74545454545455,11,4,2,3,423,9,0.2857142857142857,0.5789473684210522,0.8518518518518519,54.35254803675855,0,True,False,True,False,False,False,False,True,False,False,False,False,False,False,False,True,False,False,False,False,False,False,True,False
342,43,525.75,9,3.3,True,40,525.75,58.416666666666664,9,1,1,2,112,4,0.1428571428571428,0.1578947368421051,0.42592592592592593,23.22890559732664,1,False,False,False,False,False,False,False,False,False,True,False,True,False,False,False,False,False,True,False,False,True,False,False,True
343,30,1460.5,20,4.8,False,11,1460.5,73.025,20,5,5,5,555,15,0.9285714285714284,0.9473684210526314,0.962962962962963,94.45279866332497,0,True,False,False,False,False,True,True,False,True,False,True,False,False,False,False,False,False,False,False,False,False,True,True,False
344,27,720.4,13,4.0,True,55,720.4,55.41538461538461,13,1,3,3,133,7,0.4285714285714285,0.5263157894736841,0.14814814814814825,37.37677527151211,1,True,False,False,True,False,False,False,True,False,True,False,False,False,False,False,False,False,False,True,False,True,False,False,False
345,37,440.8,7,3.2,False,25,440.8,62.971428571428575,7,3,1,1,311,5,0.0,0.10526315789473695,0.7037037037037037,24.269005847953217,0,False,True,False,False,False,False,False,False,False,False,False,False,False,True,False,False,True,False,False,True,False,False,True,False
346,31,1150.6,15,4.5,True,28,1150.6,76.70666666666666,15,2,4,4,244,10,0.5714285714285714,0.7894736842105261,0.6481481481481481,65.98579782790308,1,False,False,False,False,True,False,True,False,True,False,False,False,True,False,False,False,False,False,False,False,False,False,True,False
347,35,830.9,12,4.3,False,14,830.9,69.24166666666666,12,5,3,4,534,12,0.3571428571428571,0.6842105263157894,0.9074074074074074,62.034252297410184,0,True,False,True,False,False,False,False,True,False,False,False,False,False,False,False,True,True,False,False,False,False,False,True,False
348,41,490.25,9,3.6,True,40,490.25,54.47222222222222,9,1,1,2,112,4,0.1428571428571428,0.3157894736842104,0.42592592592592593,27.9657477025898,1,False,False,False,False,False,False,False,False,False,True,False,True,False,False,False,False,False,True,False,True,False,False,False,True
349,28,1480.1,21,4.9,False,10,1480.1,70.48095238095237,21,5,5,5,555,15,1.0,1.0,0.9814814814814815,99.44444444444444,0,True,False,False,False,False,True,True,False,True,False,True,False,False,False,False,False,False,False,True,False,False,True,True,False
350,32,690.3,10,3.8,True,34,690.3,69.03,10,2,2,2,222,6,0.2142857142857142,0.4210526315789471,0.5370370370370371,37.314118629908094,1,True,False,False,True,False,False,False,True,False,True,False,True,False,False,False,False,False,False,False,False,True,False,False,True
351,36,480.5,8,3.1,False,20,480.5,60.0625,8,4,1,1,411,6,0.0714285714285714,0.05263157894736836,0.7962962962962963,28.3249791144528,0,False,True,False,False,False,False,False,False,False,False,False,False,False,False,True,False,True,False,False,True,False,False,True,False
352,30,1170.8,16,4.7,True,21,1170.8,73.175,16,3,4,4,344,11,0.6428571428571428,0.8947368421052628,0.7777777777777778,75.88972431077694,1,False,False,False,False,True,False,True,False,True,False,False,False,True,False,False,False,False,False,False,False,False,True,True,False
353,34,790.2,11,4.0,False,15,790.2,71.83636363636364,11,4,2,3,423,9,0.2857142857142857,0.5263157894736841,0.8888888888888888,53.88471177944862,0,True,False,True,False,False,False,False,True,False,False,False,False,False,False,False,True,False,False,False,False,False,False,True,False
354,43,510.75,10,3.3,True,41,510.75,51.075,10,1,2,2,122,5,0.2142857142857142,0.1578947368421051,0.40740740740740744,25.53049289891395,1,False,False,False,False,False,False,False,False,False,True,False,True,False,False,False,False,False,True,False,False,True,False,False,False
355,30,1440.5,19,4.6,False,12,1440.5,75.8157894736842,19,5,5,5,555,15,0.857142857142857,0.8421052631578942,0.9444444444444444,87.88220551378444,0,True,False,False,False,False,True,True,False,True,False,True,False,False,False,False,False,False,False,False,False,False,True,True,False
356,27,700.4,13,4.1,True,56,700.4,53.87692307692308,13,1,3,3,133,7,0.4285714285714285,0.5789473684210522,0.12962962962962965,38.40016708437759,1,True,False,False,True,False,False,False,True,False,True,False,False,False,False,False,False,False,False,True,False,True,False,False,False
357,37,410.8,7,3.4,False,26,410.8,58.68571428571429,7,3,1,1,311,5,0.0,0.21052631578947367,0.6851851851851852,26.87134502923977,0,False,True,False,False,False,False,False,False,False,False,False,False,False,True,False,False,True,False,False,True,False,False,True,False
358,31,1160.6,15,4.5,True,29,1160.6,77.37333333333332,15,2,4,4,244,10,0.5714285714285714,0.7894736842105261,0.6296296296296297,65.43024227234753,1,False,False,False,False,True,False,True,False,True,False,False,False,True,False,False,False,False,False,False,False,False,True,True,False
359,35,810.9,12,4.3,False,14,810.9,67.575,12,5,3,3,533,11,0.3571428571428571,0.6842105263157894,0.9074074074074074,62.034252297410184,0,True,False,True,False,False,False,False,True,False,False,False,False,False,False,False,True,True,False,False,False,False,False,True,False
360,41,495.25,9,3.6,True,41,495.25,55.02777777777778,9,1,1,2,112,4,0.1428571428571428,0.3157894736842104,0.40740740740740744,27.410192147034245,1,False,False,False,False,False,False,False,False,False,True,False,True,False,False,False,False,False,True,False,True,False,False,False,False
361,28,1490.1,21,4.9,False,10,1490.1,70.95714285714286,21,5,5,5,555,15,1.0,1.0,0.9814814814814815,99.44444444444444,0,True,False,False,False,False,True,True,False,True,False,True,False,False,False,False,False,False,False,True,False,False,True,True,False
362,32,660.3,10,3.8,True,35,660.3,66.03,10,2,2,2,222,6,0.2142857142857142,0.4210526315789471,0.5185185185185185,36.75856307435254,1,True,False,False,True,False,False,False,True,False,True,False,True,False,False,False,False,False,False,False,False,True,False,False,True
363,36,430.5,8,3.1,False,21,430.5,53.8125,8,3,1,1,311,5,0.0714285714285714,0.05263157894736836,0.7777777777777778,27.769423558897245,0,False,True,False,False,False,False,False,False,False,False,False,False,False,True,False,False,True,False,False,True,False,False,True,False
364,30,1200.8,16,4.7,True,22,1200.8,75.05,16,3,4,5,345,12,0.6428571428571428,0.8947368421052628,0.7592592592592593,75.33416875522137,1,False,False,False,False,True,False,True,False,True,False,False,False,True,False,False,False,False,False,False,False,False,True,True,False
365,34,780.2,11,4.1,False,16,780.2,70.92727272727274,11,4,2,3,423,9,0.2857142857142857,0.5789473684210522,0.8703703703703703,54.908103592314106,0,True,False,True,False,False,False,False,True,False,False,False,False,False,False,False,True,False,False,False,False,False,False,True,False
366,43,505.75,10,3.3,True,42,505.75,50.575,10,1,2,2,122,5,0.2142857142857142,0.1578947368421051,0.38888888888888895,24.974937343358388,1,False,False,False,False,False,False,False,False,False,True,False,True,False,False,False,False,False,True,False,False,True,False,False,False
367,30,1460.5,20,4.8,False,13,1460.5,73.025,20,5,5,5,555,15,0.9285714285714284,0.9473684210526314,0.9259259259259259,93.34168755221386,0,True,False,False,False,False,True,True,False,True,False,True,False,False,False,False,False,False,False,False,False,False,True,True,False
368,27,710.4,13,4.1,True,57,710.4,54.646153846153844,13,1,3,3,133,7,0.4285714285714285,0.5789473684210522,0.11111111111111105,37.844611528822035,1,True,False,False,True,False,False,False,True,False,True,False,False,False,False,False,False,False,False,True,False,True,False,False,False
369,37,450.8,7,3.4,False,24,450.8,64.4,7,3,1,1,311,5,0.0,0.21052631578947367,0.7222222222222222,27.982456140350877,0,False,True,False,False,False,False,False,False,False,False,False,False,False,True,False,False,True,False,False,True,False,False,True,False
370,31,1140.6,15,4.5,True,30,1140.6,76.03999999999999,15,2,4,4,244,10,0.5714285714285714,0.7894736842105261,0.611111111111111,64.87468671679197,1,False,False,False,False,True,False,True,False,True,False,False,False,True,False,False,False,False,False,False,False,False,False,True,False
371,35,800.9,12,4.1,False,17,800.9,66.74166666666666,12,4,3,3,433,10,0.3571428571428571,0.5789473684210522,0.8518518518518519,57.209690893901396,0,True,False,True,False,False,False,False,True,False,False,False,False,False,False,False,True,True,False,False,False,False,False,True,False
372,41,475.25,9,3.6,True,42,475.25,52.80555555555556,9,1,1,1,111,3,0.1428571428571428,0.3157894736842104,0.38888888888888895,26.85463659147869,1,False,False,False,False,False,False,False,False,False,True,False,True,False,False,False,False,False,True,False,True,False,False,False,False
373,28,1480.1,21,4.9,False,11,1480.1,70.48095238095237,21,5,5,5,555,15,1.0,1.0,0.962962962962963,98.88888888888889,0,True,False,False,False,False,True,True,False,True,False,True,False,False,False,False,False,False,False,True,False,False,True,True,False
374,32,660.3,10,3.8,True,36,660.3,66.03,10,2,2,2,222,6,0.2142857142857142,0.4210526315789471,0.5,36.20300751879698,1,True,False,False,True,False,False,False,True,False,True,False,True,False,False,False,False,False,False,False,False,True,False,False,True
375,36,470.5,8,3.0,False,22,470.5,58.8125,8,3,1,1,311,5,0.0714285714285714,0.0,0.7592592592592593,25.634920634920633,0,False,True,False,False,False,False,False,False,False,False,False,False,False,True,False,False,True,False,False,True,False,False,True,False
376,30,1190.8,16,4.5,True,23,1190.8,74.425,16,3,4,4,344,11,0.6428571428571428,0.7894736842105261,0.7407407407407407,71.62071846282372,1,False,False,False,False,True,False,True,False,True,False,False,False,True,False,False,False,False,False,False,False,False,True,True,False
377,33,770.2,11,4.2,False,18,770.2,70.01818181818182,11,4,2,3,423,9,0.2857142857142857,0.6315789473684208,0.8333333333333334,55.375939849624054,0,True,False,True,False,False,False,False,True,False,False,False,False,False,False,False,True,False,False,False,False,True,False,True,False
378,43,515.75,10,3.3,True,43,515.75,51.575,10,1,2,2,122,5,0.2142857142857142,0.1578947368421051,0.37037037037037035,24.419381787802834,1,False,False,False,False,False,False,False,False,False,True,False,True,False,False,False,False,False,True,False,False,True,False,False,False
379,30,1450.5,19,4.6,False,12,1450.5,76.34210526315789,19,5,5,5,555,15,0.857142857142857,0.8421052631578942,0.9444444444444444,87.88220551378444,0,True,False,False,False,False,True,True,False,True,False,True,False,False,False,False,False,False,False,False,False,False,True,True,False
380,27,710.4,13,4.1,True,58,710.4,54.646153846153844,13,1,3,3,133,7,0.4285714285714285,0.5789473684210522,0.09259259259259267,37.289055973266485,1,True,False,False,True,False,False,False,True,False,True,False,False,False,False,False,False,False,False,True,False,True,False,False,False
381,37,430.8,7,3.4,False,27,430.8,61.542857142857144,7,3,1,1,311,5,0.0,0.21052631578947367,0.6666666666666666,26.31578947368421,0,False,True,False,False,False,False,False,False,False,False,False,False,False,True,False,False,True,False,False,True,False,False,True,False
382,31,1160.6,15,4.5,True,31,1160.6,77.37333333333332,15,2,4,4,244,10,0.5714285714285714,0.7894736842105261,0.5925925925925926,64.31913116123641,1,False,False,False,False,True,False,True,False,True,False,False,False,True,False,False,False,False,False,False,False,False,True,False,True
383,35,820.9,12,4.3,False,15,820.9,68.40833333333333,12,4,3,4,434,11,0.3571428571428571,0.6842105263157894,0.8888888888888888,61.478696741854634,0,True,False,True,False,False,False,False,True,False,False,False,False,False,False,False,True,True,False,False,False,False,False,True,False
384,41,495.25,9,3.6,True,43,495.25,55.02777777777778,9,1,1,2,112,4,0.1428571428571428,0.3157894736842104,0.37037037037037035,26.299081035923134,1,False,False,False,False,False,False,False,False,False,True,False,True,False,False,False,False,False,True,False,True,False,False,False,False
385,28,1490.1,21,4.9,False,10,1490.1,70.95714285714286,21,5,5,5,555,15,1.0,1.0,0.9814814814814815,99.44444444444444,0,True,False,False,False,False,True,True,False,True,False,True,False,False,False,False,False,False,False,True,False,False,True,True,False
386,32,660.3,10,3.8,True,37,660.3,66.03,10,2,2,2,222,6,0.2142857142857142,0.4210526315789471,0.4814814814814815,35.64745196324143,1,True,False,False,True,False,False,False,True,False,True,False,True,False,False,False,False,False,False,False,False,True,False,False,True
387,36,440.5,8,3.1,False,23,440.5,55.0625,8,3,1,1,311,5,0.0714285714285714,0.05263157894736836,0.7407407407407407,26.658312447786127,0,False,True,False,False,False,False,False,False,False,False,False,False,False,True,False,False,True,False,False,True,False,False,True,False
388,30,1200.8,16,4.7,True,24,1200.8,75.05,16,3,4,5,345,12,0.6428571428571428,0.8947368421052628,0.7222222222222222,74.22305764411027,1,False,False,False,False,True,False,True,False,True,False,False,False,True,False,False,False,False,False,False,False,False,True,True,False
389,34,780.2,11,4.1,False,16,780.2,70.92727272727274,11,4,2,3,423,9,0.2857142857142857,0.5789473684210522,0.8703703703703703,54.908103592314106,0,True,False,True,False,False,False,False,True,False,False,False,False,False,False,False,True,False,False,False,False,False,False,True,False
390,43,505.75,10,3.3,True,44,505.75,50.575,10,1,2,2,122,5,0.2142857142857142,0.1578947368421051,0.35185185185185186,23.863826232247277,1,False,False,False,False,False,False,False,False,False,True,False,True,False,False,False,False,False,True,False,False,True,False,False,False
391,30,1460.5,20,4.8,False,13,1460.5,73.025,20,5,5,5,555,15,0.9285714285714284,0.9473684210526314,0.9259259259259259,93.34168755221386,0,True,False,False,False,False,True,True,False,True,False,True,False,False,False,False,False,False,False,False,False,False,True,True,False
392,27,710.4,13,4.1,True,59,710.4,54.646153846153844,13,1,3,3,133,7,0.4285714285714285,0.5789473684210522,0.07407407407407407,36.73350041771092,1,True,False,False,True,False,False,False,True,False,True,False,False,False,False,False,False,False,False,True,False,True,False,False,False
393,37,450.8,7,3.4,False,28,450.8,64.4,7,2,1,1,211,4,0.0,0.21052631578947367,0.6481481481481481,25.760233918128655,0,False,True,False,False,False,False,False,False,False,False,False,True,False,False,False,False,True,False,False,True,False,False,True,False
394,31,1140.6,15,4.5,True,32,1140.6,76.03999999999999,15,2,4,4,244,10,0.5714285714285714,0.7894736842105261,0.5740740740740741,63.76357560568087,1,False,False,False,False,True,False,True,False,True,False,False,False,True,False,False,False,False,False,False,False,False,False,False,True
395,35,800.9,12,4.1,False,17,800.9,66.74166666666666,12,4,3,3,433,10,0.3571428571428571,0.5789473684210522,0.8518518518518519,57.209690893901396,0,True,False,True,False,False,False,False,True,False,False,False,False,False,False,False,True,True,False,False,False,False,False,True,False
396,41,475.25,9,3.6,True,44,475.25,52.80555555555556,9,1,1,1,111,3,0.1428571428571428,0.3157894736842104,0.35185185185185186,25.74352548036758,1,False,False,False,False,False,False,False,False,False,True,False,True,False,False,False,False,False,True,False,True,False,False,False,False
397,28,1480.1,21,4.9,False,12,1480.1,70.48095238095237,21,5,5,5,555,15,1.0,1.0,0.9444444444444444,98.33333333333333,0,True,False,False,False,False,True,True,False,True,False,True,False,False,False,False,False,False,False,True,False,False,True,True,False
398,32,660.3,10,3.8,True,38,660.3,66.03,10,2,2,2,222,6,0.2142857142857142,0.4210526315789471,0.4629629629629629,35.091896407685866,1,True,False,False,True,False,False,False,True,False,True,False,True,False,False,False,False,False,False,False,False,True,False,False,True
399,36,470.5,8,3.0,False,22,470.5,58.8125,8,3,1,1,311,5,0.0714285714285714,0.0,0.7592592592592593,25.634920634920633,0,False,True,False,False,False,False,False,False,False,False,False,False,False,True,False,False,True,False,False,True,False,False,True,False
400,30,1190.8,16,4.5,True,25,1190.8,74.425,16,3,4,4,344,11,0.6428571428571428,0.7894736842105261,0.7037037037037037,70.50960735171262,1,False,False,False,False,True,False,True,False,True,False,False,False,True,False,False,False,False,False,False,False,False,True,True,False
401,33,800.2,11,4.1,False,18,800.2,72.74545454545455,11,4,2,3,423,9,0.2857142857142857,0.5789473684210522,0.8333333333333334,53.796992481203,0,True,False,True,False,False,False,False,True,False,False,False,False,False,False,False,True,False,False,False,False,False,False,True,False
402,43,515.75,10,3.3,True,45,515.75,51.575,10,1,2,2,122,5,0.2142857142857142,0.1578947368421051,0.33333333333333337,23.308270676691723,1,False,False,False,False,False,False,False,False,False,True,False,True,False,False,False,False,False,True,False,False,True,False,False,False
403,30,1450.5,19,4.6,False,13,1450.5,76.34210526315789,19,5,5,5,555,15,0.857142857142857,0.8421052631578942,0.9259259259259259,87.32664995822888,0,True,False,False,False,False,True,True,False,True,False,True,False,False,False,False,False,False,False,False,False,False,True,True,False
404,27,710.4,13,4.1,True,60,710.4,54.646153846153844,13,1,3,3,133,7,0.4285714285714285,0.5789473684210522,0.05555555555555547,36.17794486215537,1,True,False,False,True,False,False,False,True,False,True,False,False,False,False,False,False,False,False,True,False,True,False,False,False
405,37,430.8,7,3.4,False,29,430.8,61.542857142857144,7,2,1,1,211,4,0.0,0.21052631578947367,0.6296296296296297,25.204678362573098,0,False,True,False,False,False,False,False,False,False,False,False,True,False,False,False,False,True,False,False,True,False,False,True,False
406,31,1160.6,15,4.5,True,33,1160.6,77.37333333333332,15,2,4,4,244,10,0.5714285714285714,0.7894736842105261,0.5555555555555556,63.2080200501253,1,False,False,False,False,True,False,True,False,True,False,False,False,True,False,False,False,False,False,False,False,False,True,False,True
407,35,820.9,12,4.3,False,16,820.9,68.40833333333333,12,4,3,4,434,11,0.3571428571428571,0.6842105263157894,0.8703703703703703,60.92314118629907,0,True,False,True,False,False,False,False,True,False,False,False,False,False,False,False,True,True,False,False,False,False,False,True,False
408,41,495.25,9,3.6,True,45,495.25,55.02777777777778,9,1,1,2,112,4,0.1428571428571428,0.3157894736842104,0.33333333333333337,25.187969924812027,1,False,False,False,False,False,False,False,False,False,True,False,True,False,False,False,False,False,True,False,True,False,False,False,False
409,28,1490.1,21,4.9,False,11,1490.1,70.95714285714286,21,5,5,5,555,15,1.0,1.0,0.962962962962963,98.88888888888889,0,True,False,False,False,False,True,True,False,True,False,True,False,False,False,False,False,False,False,True,False,False,True,True,False
410,32,660.3,10,3.8,True,39,660.3,66.03,10,2,2,2,222,6,0.2142857142857142,0.4210526315789471,0.4444444444444444,34.536340852130316,1,True,False,False,True,False,False,False,True,False,True,False,True,False,False,False,False,False,False,False,False,True,False,False,True
411,36,440.5,8,3.1,False,24,440.5,55.0625,8,3,1,1,311,5,0.0714285714285714,0.05263157894736836,0.7222222222222222,26.102756892230573,0,False,True,False,False,False,False,False,False,False,False,False,False,False,True,False,False,True,False,False,True,False,False,True,False
412,30,1200.8,16,4.7,True,25,1200.8,75.05,16,3,4,5,345,12,0.6428571428571428,0.8947368421052628,0.7037037037037037,73.66750208855471,1,False,False,False,False,True,False,True,False,True,False,False,False,True,False,False,False,False,False,False,False,False,True,True,False
413,34,780.2,11,4.1,False,17,780.2,70.92727272727274,11,4,2,3,423,9,0.2857142857142857,0.5789473684210522,0.8518518518518519,54.35254803675855,0,True,False,True,False,False,False,False,True,False,False,False,False,False,False,False,True,False,False,False,False,False,False,True,False
414,43,505.75,10,3.3,True,46,505.75,50.575,10,1,2,2,122,5,0.2142857142857142,0.1578947368421051,0.31481481481481477,22.752715121136163,1,False,False,False,False,False,False,False,False,False,True,False,True,False,False,False,False,False,True,False,False,True,False,False,False
415,30,1460.5,20,4.8,False,14,1460.5,73.025,20,5,5,5,555,15,0.9285714285714284,0.9473684210526314,0.9074074074074074,92.7861319966583,0,True,False,False,False,False,True,True,False,True,False,True,False,False,False,False,False,False,False,False,False,False,True,True,False
416,27,710.4,13,4.1,True,61,710.4,54.646153846153844,13,1,3,3,133,7,0.4285714285714285,0.5789473684210522,0.03703703703703709,35.622389306599814,1,True,False,False,True,False,False,False,True,False,True,False,False,False,False,False,False,False,False,True,False,True,False,False,False
417,37,450.8,7,3.4,False,30,450.8,64.4,7,2,1,1,211,4,0.0,0.21052631578947367,0.611111111111111,24.64912280701754,0,False,True,False,False,False,False,False,False,False,False,False,True,False,False,False,False,True,False,False,True,False,False,True,False
418,31,1140.6,15,4.5,True,34,1140.6,76.03999999999999,15,2,4,4,244,10,0.5714285714285714,0.7894736842105261,0.5370370370370371,62.65246449456975,1,False,False,False,False,True,False,True,False,True,False,False,False,True,False,False,False,False,False,False,False,False,False,False,True
419,35,800.9,12,4.1,False,19,800.9,66.74166666666666,12,4,3,3,433,10,0.3571428571428571,0.5789473684210522,0.8148148148148148,56.098579782790296,0,True,False,True,False,False,False,False,True,False,False,False,False,False,False,False,True,True,False,False,False,False,False,True,False
420,41,475.25,9,3.6,True,46,475.25,52.80555555555556,9,1,1,1,111,3,0.1428571428571428,0.3157894736842104,0.31481481481481477,24.632414369256466,1,False,False,False,False,False,False,False,False,False,True,False,True,False,False,False,False,False,True,False,True,False,False,False,False
421,28,1480.1,21,4.9,False,12,1480.1,70.48095238095237,21,5,5,5,555,15,1.0,1.0,0.9444444444444444,98.33333333333333,0,True,False,False,False,False,True,True,False,True,False,True,False,False,False,False,False,False,False,True,False,False,True,True,False
422,32,660.3,10,3.8,True,40,660.3,66.03,10,1,2,2,122,5,0.2142857142857142,0.4210526315789471,0.42592592592592593,33.98078529657476,1,True,False,False,True,False,False,False,True,False,True,False,True,False,False,False,False,False,False,False,False,True,False,False,True
423,36,470.5,8,3.0,False,26,470.5,58.8125,8,3,1,1,311,5,0.0714285714285714,0.0,0.6851851851851852,23.41269841269841,0,False,True,False,False,False,False,False,False,False,False,False,False,False,True,False,False,True,False,False,True,False,False,True,False
424,30,1190.8,16,4.5,True,27,1190.8,74.425,16,3,4,4,344,11,0.6428571428571428,0.7894736842105261,0.6666666666666666,69.39849624060149,1,False,False,False,False,True,False,True,False,True,False,False,False,True,False,False,False,False,False,False,False,False,True,True,False
425,34,780.2,11,4.2,False,18,780.2,70.92727272727274,11,4,2,3,423,9,0.2857142857142857,0.6315789473684208,0.8333333333333334,55.375939849624054,0,True,False,True,False,False,False,False,True,False,False,False,False,False,False,False,True,False,False,False,False,False,False,True,False
426,43,515.75,10,3.3,True,47,515.75,51.575,10,1,2,2,122,5,0.2142857142857142,0.1578947368421051,0.2962962962962963,22.19715956558061,1,False,False,False,False,False,False,False,False,False,True,False,True,False,False,False,False,False,True,False,False,True,False,False,False
427,30,1450.5,19,4.6,False,14,1450.5,76.34210526315789,19,5,5,5,555,15,0.857142857142857,0.8421052631578942,0.9074074074074074,86.77109440267333,0,True,False,False,False,False,True,True,False,True,False,True,False,False,False,False,False,False,False,False,False,False,True,True,False
428,27,710.4,13,4.1,True,62,710.4,54.646153846153844,13,1,3,3,133,7,0.4285714285714285,0.5789473684210522,0.01851851851851849,35.06683375104426,1,True,False,False,True,False,False,False,True,False,True,False,False,False,False,False,False,False,False,True,False,True,False,False,False
429,37,430.8,7,3.4,False,31,430.8,61.542857142857144,7,2,1,1,211,4,0.0,0.21052631578947367,0.5925925925925926,24.093567251461984,0,False,True,False,False,False,False,False,False,False,False,False,True,False,False,False,False,True,False,False,True,False,False,False,True
430,31,1160.6,15,4.5,True,35,1160.6,77.37333333333332,15,2,4,4,244,10,0.5714285714285714,0.7894736842105261,0.5185185185185185,62.09690893901419,1,False,False,False,False,True,False,True,False,True,False,False,False,True,False,False,False,False,False,False,False,False,True,False,True
431,35,820.9,12,4.3,False,20,820.9,68.40833333333333,12,4,3,4,434,11,0.3571428571428571,0.6842105263157894,0.7962962962962963,58.700918964076855,0,True,False,True,False,False,False,False,True,False,False,False,False,False,False,False,True,True,False,False,False,False,False,True,False
432,41,495.25,9,3.6,True,47,495.25,55.02777777777778,9,1,1,2,112,4,0.1428571428571428,0.3157894736842104,0.2962962962962963,24.07685881370091,1,False,False,False,False,False,False,False,False,False,True,False,True,False,False,False,False,False,True,False,True,False,False,False,False
433,28,1490.1,21,4.9,False,11,1490.1,70.95714285714286,21,5,5,5,555,15,1.0,1.0,0.962962962962963,98.88888888888889,0,True,False,False,False,False,True,True,False,True,False,True,False,False,False,False,False,False,False,True,False,False,True,True,False
434,32,660.3,10,3.8,True,41,660.3,66.03,10,1,2,2,122,5,0.2142857142857142,0.4210526315789471,0.40740740740740744,33.4252297410192,1,True,False,False,True,False,False,False,True,False,True,False,True,False,False,False,False,False,False,False,False,True,False,False,False
435,36,440.5,8,3.1,False,28,440.5,55.0625,8,2,1,1,211,4,0.0714285714285714,0.05263157894736836,0.6481481481481481,23.880534670008352,0,False,True,False,False,False,False,False,False,False,False,False,True,False,False,False,False,True,False,False,True,False,False,True,False
436,30,1200.8,16,4.7,True,28,1200.8,75.05,16,2,4,5,245,11,0.6428571428571428,0.8947368421052628,0.6481481481481481,72.00083542188804,1,False,False,False,False,True,False,True,False,True,False,False,False,True,False,False,False,False,False,False,False,False,True,True,False
437,34,780.2,11,4.1,False,19,780.2,70.92727272727274,11,4,2,3,423,9,0.2857142857142857,0.5789473684210522,0.8148148148148148,53.241436925647434,0,True,False,True,False,False,False,False,True,False,False,False,False,False,False,False,True,False,False,False,False,False,False,True,False
438,43,505.75,10,3.3,True,48,505.75,50.575,10,1,2,2,122,5,0.2142857142857142,0.1578947368421051,0.2777777777777778,21.641604010025056,1,False,False,False,False,False,False,False,False,False,True,False,True,False,False,False,False,False,True,False,False,True,False,False,False
439,30,1460.5,20,4.8,False,15,1460.5,73.025,20,4,5,5,455,14,0.9285714285714284,0.9473684210526314,0.8888888888888888,92.23057644110276,0,True,False,False,False,False,True,True,False,True,False,True,False,False,False,False,False,False,False,False,False,False,True,True,False
440,27,710.4,13,4.1,True,63,710.4,54.646153846153844,13,1,3,3,133,7,0.4285714285714285,0.5789473684210522,1.1102230246251565e-16,34.51127819548871,1,True,False,False,True,False,False,False,True,False,True,False,False,False,False,False,False,False,False,True,False,True,False,False,False
441,37,450.8,7,3.4,False,32,450.8,64.4,7,2,1,1,211,4,0.0,0.21052631578947367,0.5740740740740741,23.53801169590643,0,False,True,False,False,False,False,False,False,False,False,False,True,False,False,False,False,True,False,False,True,False,False,False,True
442,31,1140.6,15,4.5,True,36,1140.6,76.03999999999999,15,2,4,4,244,10,0.5714285714285714,0.7894736842105261,0.5,61.54135338345864,1,False,False,False,False,True,False,True,False,True,False,False,False,True,False,False,False,False,False,False,False,False,False,False,True
443,35,800.9,12,4.1,False,20,800.9,66.74166666666666,12,4,3,3,433,10,0.3571428571428571,0.5789473684210522,0.7962962962962963,55.54302422723474,0,True,False,True,False,False,False,False,True,False,False,False,False,False,False,False,True,True,False,False,False,False,False,True,False
444,41,475.25,9,3.6,True,48,475.25,52.80555555555556,9,1,1,1,111,3,0.1428571428571428,0.3157894736842104,0.2777777777777778,23.521303258145355,1,False,False,False,False,False,False,False,False,False,True,False,True,False,False,False,False,False,True,False,True,False,False,False,False
445,28,1480.1,21,4.9,False,13,1480.1,70.48095238095237,21,5,5,5,555,15,1.0,1.0,0.9259259259259259,97.77777777777777,0,True,False,False,False,False,True,True,False,True,False,True,False,False,False,False,False,False,False,True,False,False,True,True,False
446,32,660.3,10,3.8,True,42,660.3,66.03,10,1,2,2,122,5,0.2142857142857142,0.4210526315789471,0.38888888888888895,32.86967418546365,1,True,False,False,True,False,False,False,True,False,True,False,True,False,False,False,False,False,False,False,False,True,False,False,False
447,36,470.5,8,3.0,False,27,470.5,58.8125,8,3,1,1,311,5,0.0714285714285714,0.0,0.6666666666666666,22.857142857142854,0,False,True,False,False,False,False,False,False,False,False,False,False,False,True,False,False,True,False,False,True,False,False,True,False
448,30,1190.8,16,4.5,True,28,1190.8,74.425,16,2,4,4,244,10,0.6428571428571428,0.7894736842105261,0.6481481481481481,68.84294068504595,1,False,False,False,False,True,False,True,False,True,False,False,False,True,False,False,False,False,False,False,False,False,True,True,False
449,34,780.2,11,4.2,False,21,780.2,70.92727272727274,11,3,2,3,323,8,0.2857142857142857,0.6315789473684208,0.7777777777777778,53.70927318295738,0,True,False,True,False,False,False,False,True,False,False,False,False,False,True,False,False,False,False,False,False,False,False,True,False
450,43,515.75,10,3.3,True,49,515.75,51.575,10,1,2,2,122,5,0.2142857142857142,0.1578947368421051,0.2592592592592593,21.086048454469502,1,False,False,False,False,False,False,False,False,False,True,False,True,False,False,False,False,False,True,False,False,True,False,False,False
